listingType,sellingState,hoursToSale,totalSale,releaseYear,processorSpeed,Cores,Memory,storageType
StoreInventory,EndedWithSales,1088.3,304.04,2014,1.4,2,4,4
Auction,EndedWithSales,0.2,152.8,2014,3,2,16,1
Auction,EndedWithoutSales,51.9,152.8,2014,2.6,2,16,1
FixedPrice,EndedWithSales,25.2,837.33,2018,3,4,8,2
FixedPrice,EndedWithSales,52.8,1100,2018,3,4,8,2
StoreInventory,EndedWithSales,1272.9,400,2014,1.4,2,16,2
FixedPrice,EndedWithSales,4263.5,260,2014,1.4,2,4,1
FixedPrice,EndedWithSales,18.6,840,2018,3.6,4,32,2
FixedPrice,EndedWithSales,3570.7,301.91,2014,2.5,2,4,1
StoreInventory,EndedWithSales,8.6,270.99,2014,1.4,2,4,1
Auction,EndedWithSales,168,1200,2018,3,4,32,2
FixedPrice,EndedWithSales,17.9,262.55,2014,1.4,2,4,2
StoreInventory,EndedWithoutSales,1792,289.95,2014,1.4,2,16,1
StoreInventory,EndedWithoutSales,1794.4,279.95,2014,1.4,2,16,1
StoreInventory,EndedWithSales,1106.4,259,2012,2.5,2,4,1
StoreInventory,EndedWithoutSales,1495.7,259.99,2014,1.4,2,4,1
StoreInventory,EndedWithoutSales,825.1,279.95,2014,1.4,2,16,1
StoreInventory,EndedWithSales,35.3,270.99,2014,1.4,2,4,1
StoreInventory,EndedWithoutSales,2286.6,279.95,2014,1.4,2,16,1
Auction,EndedWithSales,120,457,2014,1.4,2,4,1
Auction,EndedWithSales,168,653.15,2018,3.6,4,8,2
FixedPrice,EndedWithSales,104.5,245,2014,1.4,2,4,1
StoreInventory,EndedWithSales,1266.6,430,2014,2.6,2,8,2
FixedPrice,EndedWithoutSales,457.9,439.99,2014,2.6,2,8,1
StoreInventory,EndedWithoutSales,1647.3,259,2012,2.5,2,8,1
Auction,EndedWithSales,19.7,336.55,2014,3,2,16,3
FixedPrice,EndedWithSales,0.9,575,2018,3.6,4,8,2
FixedPrice,EndedWithSales,236.7,284.99,2014,1.4,2,4,1
FixedPrice,EndedWithoutSales,4649.3,358.52,2014,1.4,2,4,1
FixedPrice,EndedWithSales,2.3,250,2014,1.4,2,4,1
FixedPrice,EndedWithSales,142.7,312,2014,2.5,2,4,1
StoreInventory,EndedWithoutSales,59.6,369,2014,2.6,2,8,1
FixedPrice,EndedWithoutSales,1579.7,279.95,2014,1.4,2,16,1
FixedPrice,EndedWithSales,88.5,250,2014,2.5,2,8,1
FixedPrice,EndedWithSales,8.9,625,2018,3.6,4,8,2
FixedPrice,EndedWithSales,85,959.99,2018,3.6,4,64,2
FixedPrice,EndedWithSales,25.1,238.3,2014,1.4,2,4,1
StoreInventory,EndedWithoutSales,2236.5,736.78,2014,3,2,16,3
Auction,EndedWithSales,27.1,273.15,2014,1.4,2,4,2
StoreInventory,EndedWithSales,4055.6,739.95,2012,2.3,4,4,1
Auction,EndedWithSales,168,846.4,2018,3,4,8,2
Auction,EndedWithSales,120,457,2014,2.5,2,4,1
StoreInventory,EndedWithoutSales,8520.3,632.61,2014,3,2,16,2
FixedPrice,EndedWithSales,369.3,769,2012,2.6,4,16,4
Auction,EndedWithSales,168,232.5,2014,1.4,2,4,1
FixedPrice,EndedWithSales,49.3,485.05,2012,2.6,4,4,1
StoreInventory,EndedWithoutSales,1152.6,649,2014,3,2,16,2
FixedPrice,EndedWithSales,740.6,262,2014,2.5,2,4,1
StoreInventory,EndedWithSales,114.3,344.99,2014,1.4,2,4,2
FixedPrice,EndedWithSales,8.1,229,2012,2.5,2,4,1
FixedPrice,EndedWithSales,0.4,914.4,2018,3,4,32,2
Auction,EndedWithSales,168,280.22,2014,1.4,2,4,1
FixedPrice,EndedWithSales,899.6,233,2014,2.5,2,4,1
StoreInventory,EndedWithoutSales,1131.6,624,2014,3,2,16,2
Auction,EndedWithSales,168,503.3,2014,3,2,4,1
Auction,EndedWithSales,168,318.46,2014,2.6,2,8,1
Auction,EndedWithSales,120,438,2014,2.5,2,4,1
Auction,EndedWithSales,120,455,2014,2.5,2,4,1
StoreInventory,EndedWithSales,140,403.75,2012,2.5,2,16,1
Auction,EndedWithSales,168,399.99,2014,1.4,2,4,1
StoreInventory,EndedWithSales,16.2,1599,2018,3.2,4,64,2
Auction,EndedWithSales,120,192.5,2014,1.4,2,4,1
FixedPrice,EndedWithSales,5.7,234.4,2014,2.5,2,4,1
Auction,EndedWithoutSales,168,1015.7,2014,2.6,2,8,1
FixedPrice,EndedWithSales,20.9,670,2018,3.6,4,8,2
StoreInventory,EndedWithoutSales,1060.7,635,2014,3,2,16,1
StoreInventory,EndedWithSales,1034.8,249,2012,2.5,2,4,1
Auction,EndedWithSales,107.1,314,2014,1.4,2,4,1
StoreInventory,EndedWithSales,25.5,1735,2018,3.2,4,64,2
Auction,EndedWithSales,120,218.4,2014,1.4,2,4,1
StoreInventory,EndedWithSales,725,2125,2018,3.2,4,64,2
Auction,EndedWithSales,168,1480,2018,3.2,4,32,2
Auction,EndedWithSales,168,315,2014,2.6,2,8,1
StoreInventory,EndedWithoutSales,73.9,866.78,2014,3,2,16,3
StoreInventory,EndedWithSales,27.9,565,2014,2.6,2,16,2
StoreInventory,EndedWithoutSales,31.9,519,2014,2.6,2,16,1
FixedPrice,EndedWithSales,42.1,375,2014,2.6,2,8,2
FixedPrice,EndedWithSales,25.1,360,2014,1.4,2,4,1
StoreInventory,EndedWithSales,33.4,1085,2018,3,4,16,2
FixedPrice,EndedWithSales,23.2,250,2014,1.4,2,4,1
Auction,EndedWithSales,120,260,2014,1.4,2,4,1
StoreInventory,EndedWithSales,430.7,1165,2018,3,4,32,2
Auction,EndedWithSales,12.3,166.7,2014,2.6,2,8,1
FixedPrice,EndedWithSales,14.9,360,2012,2.3,4,8,1
StoreInventory,EndedWithoutSales,690.1,779,2014,3,2,16,2
StoreInventory,EndedWithSales,606.7,369.99,2014,1.4,2,4,2
FixedPrice,EndedWithSales,589.5,388,2012,2.5,2,8,3
Auction,EndedWithSales,72,301.01,2014,1.4,2,4,1
Auction,EndedWithSales,1.6,261,2012,2.5,2,4,1
Auction,EndedWithSales,168,626,2018,3.6,4,8,2
FixedPrice,EndedWithSales,77.2,565.7,2014,3,2,16,3
StoreInventory,EndedWithSales,70.8,249.99,2014,2.5,2,4,1
FixedPrice,EndedWithSales,0.1,399,2012,2.3,4,4,1
FixedPrice,EndedWithoutSales,77.1,295.99,2014,1.4,2,4,1
FixedPrice,EndedWithSales,65.5,254.05,2014,1.4,2,4,1
StoreInventory,EndedWithSales,643.4,536.75,2014,2.6,2,16,2
StoreInventory,EndedWithSales,71.3,1699,2018,3.2,4,64,2
FixedPrice,EndedWithSales,27.6,374.95,2014,2.5,2,4,1
Auction,EndedWithSales,168,252.27,2014,2.5,2,4,1
StoreInventory,EndedWithSales,16.1,1085,2018,3,4,16,2
FixedPrice,EndedWithSales,5.3,311.95,2014,2.6,2,8,1
FixedPrice,EndedWithSales,3.9,386.98,2012,2.5,2,16,2
Auction,EndedWithSales,120,460.01,2014,1.4,2,4,1
StoreInventory,EndedWithSales,6.3,426.95,2012,2.3,4,4,1
FixedPrice,EndedWithSales,1,236.49,2014,1.4,2,8,2
FixedPrice,EndedWithoutSales,2903.9,544,2014,3,2,16,2
StoreInventory,EndedWithSales,1074.9,735,2014,3,2,16,2
Auction,EndedWithSales,168,209.15,2014,1.4,2,4,1
FixedPrice,EndedWithoutSales,2014.8,514,2014,2.6,2,8,2
StoreInventory,EndedWithoutSales,8086.8,440,2012,2.5,2,4,1
StoreInventory,EndedWithoutSales,1594.4,259,2012,2.5,2,4,1
FixedPrice,EndedWithSales,61.7,365.05,2014,2.6,2,8,1
FixedPrice,EndedWithSales,5373.7,350,2014,2.6,2,8,1
FixedPrice,EndedWithSales,0.1,265.05,2014,2.6,2,8,1
StoreInventory,EndedWithSales,1294.8,1065,2018,3,4,16,2
StoreInventory,EndedWithSales,0.7,230,2014,1.4,2,4,1
StoreInventory,EndedWithSales,39.8,1165,2018,3,4,32,2
FixedPrice,EndedWithSales,0.3,311.95,2014,2.6,2,8,1
FixedPrice,EndedWithoutSales,2881.2,464,2014,2.6,2,8,1
Auction,EndedWithSales,120,306.25,2014,1.4,2,8,2
StoreInventory,EndedWithSales,1061,295.55,2014,1.4,2,4,1
FixedPrice,EndedWithSales,0.1,395.7,2014,3,2,8,2
StoreInventory,EndedWithSales,905.6,379.99,2014,1.4,2,4,1
Auction,EndedWithSales,168,400,2012,2.3,4,16,2
FixedPrice,EndedWithoutSales,1992.1,564,2012,2.3,4,4,1
Auction,EndedWithSales,2.4,289.2,2014,2.6,2,8,1
Auction,EndedWithSales,120,394,2014,2.5,2,4,1
StoreInventory,EndedWithSales,668.2,369,2014,2.6,2,8,1
Auction,EndedWithSales,168,320.7,2014,2.6,2,8,1
Auction,EndedWithSales,168,382.85,2012,2.3,4,4,1
FixedPrice,EndedWithSales,287,270,2014,2.5,2,4,1
StoreInventory,EndedWithSales,837.1,328.74,2014,1.4,2,4,2
StoreInventory,EndedWithSales,14.7,785,2018,3.6,4,16,2
StoreInventory,EndedWithSales,22.3,1285,2018,3,4,64,2
StoreInventory,EndedWithSales,9344.9,555.75,2014,2.6,2,8,2
Auction,EndedWithSales,168,306.01,2014,2.5,2,4,1
FixedPrice,EndedWithSales,28.8,549,2012,2.3,4,16,3
Auction,EndedWithSales,168,305.95,2014,2.6,2,8,1
FixedPrice,EndedWithSales,281.9,43.29,2012,2.3,4,4,1
FixedPrice,EndedWithSales,52.7,359.05,2014,2.6,2,8,2
Auction,EndedWithSales,120,222.5,2014,1.4,2,4,1
Auction,EndedWithSales,168,306.7,2014,2.5,2,4,1
Auction,EndedWithSales,168,510.05,2012,2.6,4,16,2
FixedPrice,EndedWithSales,10.3,225,2014,1.4,2,4,1
Auction,EndedWithSales,5.3,112.4,2014,2.5,2,4,1
FixedPrice,EndedWithSales,331.4,520,2012,2.3,4,16,4
FixedPrice,EndedWithSales,22.1,1175,2018,3,4,32,2
FixedPrice,EndedWithoutSales,2849.8,644,2014,3,2,16,2
StoreInventory,EndedWithSales,19,1150,2018,3,4,32,2
FixedPrice,EndedWithSales,140.8,1029.95,2018,3,4,8,2
Auction,EndedWithSales,12.1,250.55,2012,2.5,2,16,1
FixedPrice,EndedWithSales,44.1,814,2018,3.6,4,32,2
Auction,EndedWithSales,120,455,2014,2.5,2,4,1
Auction,EndedWithSales,168,246.05,2014,1.4,2,4,2
FixedPrice,EndedWithSales,2.5,222.55,2014,1.4,2,4,1
FixedPrice,EndedWithSales,250.2,288.99,2014,1.4,2,4,1
FixedPrice,EndedWithSales,317.8,242.54,2014,1.4,2,4,1
StoreInventory,EndedWithSales,1.7,220,2012,2.5,2,4,1
FixedPrice,EndedWithoutSales,3527.1,468.27,2014,2.6,2,8,1
StoreInventory,EndedWithSales,75.8,1150,2018,3,4,32,2
StoreInventory,EndedWithSales,956.4,425,2012,2.5,2,16,1
Auction,EndedWithSales,120,511,2014,2.5,2,4,1
Auction,EndedWithSales,0.1,351,2014,2.6,2,8,2
FixedPrice,EndedWithSales,14.5,349,2014,2.6,2,8,2
Auction,EndedWithSales,12,127.94,2014,1.4,2,4,1
Auction,EndedWithSales,20.3,180.2,2014,2.6,2,8,1
Auction,EndedWithSales,120,218.5,2014,1.4,2,4,1
FixedPrice,EndedWithSales,4.5,240,2014,1.4,2,4,1
StoreInventory,EndedWithoutSales,211.1,749,2014,3,2,16,2
Auction,EndedWithSales,120,290.22,2014,1.4,2,4,1
FixedPrice,EndedWithSales,8.5,249,2012,2.5,2,4,1
StoreInventory,EndedWithoutSales,9244.5,614,2012,2.5,2,16,2
FixedPrice,EndedWithSales,1.9,499,2014,3,2,16,2
Auction,EndedWithSales,168,221.54,2014,1.4,2,4,1
Auction,EndedWithoutSales,120,260.89,2014,1.4,2,4,1
Auction,EndedWithSales,120,218.6,2014,1.4,2,4,1
StoreInventory,EndedWithSales,1,220,2012,2.5,2,4,1
Auction,EndedWithSales,72,990,2018,3,4,16,2
Auction,EndedWithSales,168,909.4,2018,3,4,8,2
Auction,EndedWithSales,240,297,2014,2.6,2,8,1
Auction,EndedWithSales,168,1118.2,2018,3,4,8,2
FixedPrice,EndedWithSales,5807.9,360.93,2014,2.6,2,8,1
Auction,EndedWithoutSales,168,1015.7,2014,2.6,2,8,1
FixedPrice,EndedWithSales,4.8,365.7,2012,2.6,4,16,1
Auction,EndedWithSales,0,270.2,2014,2.5,2,4,1
FixedPrice,EndedWithSales,9,649.4,2012,2.6,4,16,2
FixedPrice,EndedWithSales,23.3,299.98,2012,2.5,2,8,2
Auction,EndedWithSales,120,216.05,2012,2.5,2,4,1
FixedPrice,EndedWithSales,1,384.99,2012,2.3,4,16,1
Auction,EndedWithSales,240,240.5,2014,2.6,2,8,1
Auction,EndedWithSales,120,210.5,2014,1.4,2,4,1
Auction,EndedWithSales,168,310,2012,2.5,2,8,3
Auction,EndedWithSales,0,194.2,2014,1.4,2,4,1
StoreInventory,EndedWithSales,788.5,299.99,2014,1.4,2,4,1
StoreInventory,EndedWithSales,48.8,255,2014,1.4,2,4,1
Auction,EndedWithSales,168,405.55,2012,2.5,2,16,2
FixedPrice,EndedWithSales,22.2,225,2014,1.4,2,4,1
FixedPrice,EndedWithSales,1185.4,312.8,2012,2.5,2,8,4
Auction,EndedWithSales,120,935,2018,3,4,16,2
StoreInventory,EndedWithSales,34.1,599,2012,2.3,4,16,4
Auction,EndedWithSales,120,460.55,2014,1.4,2,4,1
FixedPrice,EndedWithSales,-12,132.99,2012,2.5,2,4,1
StoreInventory,EndedWithSales,9194.9,999,2012,2.6,4,16,4
StoreInventory,EndedWithSales,14.8,399,2014,2.6,2,8,1
StoreInventory,EndedWithSales,0.7,220,2012,2.5,2,4,1
StoreInventory,EndedWithSales,37.5,440,2014,2.6,2,8,1
StoreInventory,EndedWithSales,1.6,1150,2018,3,4,32,2
StoreInventory,EndedWithSales,13.2,525,2014,3,2,16,2
StoreInventory,EndedWithSales,0.4,220,2012,2.5,2,4,1
StoreInventory,EndedWithSales,18,1150,2018,3,4,32,2
FixedPrice,EndedWithSales,23.7,225,2014,1.4,2,4,1
FixedPrice,EndedWithSales,3,189.99,2014,1.4,2,4,1
Auction,EndedWithSales,168,202.45,2014,1.4,2,4,1
FixedPrice,EndedWithSales,0,169.99,2014,2.5,2,4,1
Auction,EndedWithSales,168,914.6,2018,3,4,16,2
StoreInventory,EndedWithSales,28.4,1599,2018,3.2,4,64,2
StoreInventory,EndedWithSales,121.1,599,2012,2.3,4,16,4
StoreInventory,EndedWithSales,53.5,1150,2018,3,4,32,2
StoreInventory,EndedWithSales,1.3,665,2012,2.6,4,16,2
StoreInventory,EndedWithSales,89.3,665,2012,2.6,4,16,2
StoreInventory,EndedWithSales,711.1,775,2018,3.6,4,16,2
FixedPrice,EndedWithSales,13,360.55,2014,2.6,2,8,1
StoreInventory,EndedWithSales,54.4,301,2014,1.4,2,4,1
StoreInventory,EndedWithSales,31.4,399.95,2014,2.6,2,8,2
Auction,EndedWithSales,168,386,2014,2.6,2,8,2
Auction,EndedWithSales,168,210.45,2014,1.4,2,4,1
FixedPrice,EndedWithSales,0.2,621.5,2018,3.6,4,8,2
FixedPrice,EndedWithSales,9.7,325,2014,2.6,2,8,1
FixedPrice,EndedWithSales,1057.7,267.99,2014,2.5,2,4,1
Auction,EndedWithSales,120,225.5,2014,2.5,2,4,1
FixedPrice,EndedWithSales,0.5,275,2014,2.6,2,8,1
Auction,EndedWithSales,168,625.95,2018,3.6,4,8,2
FixedPrice,EndedWithSales,46.4,1320,2018,3.2,4,32,2
StoreInventory,EndedWithSales,3.5,220,2012,2.5,2,4,1
FixedPrice,EndedWithSales,8.4,312.95,2014,1.4,2,4,3
FixedPrice,EndedWithSales,744.5,273.85,2014,1.4,2,4,1
Auction,EndedWithSales,110.1,250.24,2014,1.4,2,4,2
FixedPrice,EndedWithSales,1.3,225,2014,1.4,2,4,1
StoreInventory,EndedWithSales,32.5,739,2012,2.6,4,16,2
Auction,EndedWithSales,168,829.65,2018,3,4,8,2
FixedPrice,EndedWithSales,14.8,225,2014,1.4,2,4,1
StoreInventory,EndedWithoutSales,2172.9,749,2014,3,2,16,2
StoreInventory,EndedWithSales,18.2,379,2012,2.3,4,8,1
StoreInventory,EndedWithSales,16.7,409,2012,2.3,4,16,1
StoreInventory,EndedWithSales,637.7,369.99,2014,1.4,2,4,4
Auction,EndedWithSales,0,670.5,2018,3,4,8,2
Auction,EndedWithSales,168,222.5,2014,1.4,2,4,1
Auction,EndedWithSales,168,711.3,2018,3,4,8,2
FixedPrice,EndedWithSales,5030.6,221,2014,2.6,2,8,1
FixedPrice,EndedWithSales,46.1,299.99,2014,1.4,2,4,1
Auction,EndedWithSales,27.1,610.2,2018,3.6,4,8,2
FixedPrice,EndedWithSales,1.6,225,2014,1.4,2,4,1
StoreInventory,EndedWithSales,266.9,1799,2018,3.2,4,64,2
Auction,EndedWithSales,167.9,609.2,2018,3.6,4,8,2
Auction,EndedWithSales,72,696.8,2018,3,4,8,2
FixedPrice,EndedWithSales,4.2,1087,2018,3,4,32,2
FixedPrice,EndedWithSales,1.4,225,2014,1.4,2,4,1
StoreInventory,EndedWithSales,0.9,220,2012,2.5,2,4,1
Auction,EndedWithSales,168,305,2012,2.5,2,8,1
FixedPrice,EndedWithSales,20.1,225,2014,1.4,2,4,1
FixedPrice,EndedWithSales,46.2,414.4,2014,2.6,2,8,1
Auction,EndedWithSales,168,313.99,2014,1.4,2,16,1
FixedPrice,EndedWithSales,530.5,264.98,2014,1.4,2,4,1
StoreInventory,EndedWithSales,16.4,1150,2018,3,4,32,2
FixedPrice,EndedWithSales,151.6,415.05,2012,2.3,4,4,1
StoreInventory,EndedWithSales,984,687.27,2012,2.6,4,16,2
Auction,EndedWithSales,7.4,562.95,2018,3.6,4,8,2
StoreInventory,EndedWithSales,1181.8,544.05,2012,2.3,4,16,2
FixedPrice,EndedWithSales,2213.1,400,2012,2.3,4,4,1
Auction,EndedWithSales,168,659.2,2018,3.6,4,8,2
FixedPrice,EndedWithSales,77.6,389.99,2014,2.5,2,4,1
StoreInventory,EndedWithSales,46.4,619.99,2018,3.6,4,8,2
FixedPrice,EndedWithSales,244.6,275,2014,2.5,2,4,1
StoreInventory,EndedWithSales,49.5,311.7,2012,2.5,2,8,1
FixedPrice,EndedWithSales,1.7,499,2012,2.3,4,4,1
StoreInventory,EndedWithoutSales,2855.9,298.98,2014,2.5,2,4,1
FixedPrice,EndedWithSales,1.1,364.4,2012,2.5,2,16,2
StoreInventory,EndedWithSales,98,1150,2018,3,4,32,2
FixedPrice,EndedWithSales,4.7,199,2014,2.5,2,4,1
FixedPrice,EndedWithSales,6.5,899,2018,3,4,8,2
StoreInventory,EndedWithSales,0.1,813.4,2018,3,4,8,2
StoreInventory,EndedWithSales,26.8,396.95,2012,2.3,4,4,1
Auction,EndedWithSales,120,345.56,2014,2.6,2,8,1
Auction,EndedWithSales,168,236.9,2012,2.5,2,8,1
StoreInventory,EndedWithSales,0.8,220,2012,2.5,2,4,1
StoreInventory,EndedWithSales,0.3,1299,2018,3,4,64,2
Auction,EndedWithSales,120,900.7,2018,3,4,16,2
FixedPrice,EndedWithoutSales,15597.3,330.19,2014,2.5,2,4,1
FixedPrice,EndedWithSales,160.8,285.95,2014,1.4,2,4,1
FixedPrice,EndedWithSales,57.7,364.4,2012,2.5,2,16,2
Auction,EndedWithSales,120,1635.2,2018,3.2,4,32,2
Auction,EndedWithSales,168,305.22,2014,1.4,2,4,1
Auction,EndedWithSales,0.1,996.1,2018,3,4,64,2
Auction,EndedWithSales,168,364.5,2014,2.6,2,8,1
Auction,EndedWithSales,168,624.22,2018,3.6,4,8,2
StoreInventory,EndedWithSales,911.7,967,2018,3,4,8,2
FixedPrice,EndedWithSales,76.9,299.99,2014,1.4,2,4,1
StoreInventory,EndedWithSales,4.2,220,2012,2.5,2,4,1
StoreInventory,EndedWithSales,1.1,350,2012,2.3,4,8,1
FixedPrice,EndedWithSales,2662.6,245.98,2014,1.6,2,4,1
StoreInventory,EndedWithSales,9089.2,687.27,2012,2.6,4,16,2
FixedPrice,EndedWithoutSales,12156.5,286.39,2014,1.4,2,4,1
FixedPrice,EndedWithSales,2172.8,340.75,2012,2.5,2,16,1
Auction,EndedWithSales,120,488,2014,1.4,2,4,1
StoreInventory,EndedWithSales,52.5,1363.25,2018,3.2,4,64,2
StoreInventory,EndedWithSales,0.3,220,2012,2.5,2,4,1
StoreInventory,EndedWithSales,0.7,220,2012,2.5,2,4,1
FixedPrice,EndedWithSales,68.4,817.14,2012,2.6,4,16,2
FixedPrice,EndedWithSales,0.9,319.99,2014,2.6,2,8,1
FixedPrice,EndedWithSales,40.1,639.95,2012,2.6,4,16,2
StoreInventory,EndedWithSales,1842.4,240,2014,1.4,2,4,1
Auction,EndedWithSales,168,237.25,2014,1.4,2,4,1
Auction,EndedWithSales,120,380,2014,2.6,2,8,1
Auction,EndedWithSales,168,329.2,2014,2.6,2,8,1
Auction,EndedWithSales,4.2,162.95,2014,2.6,2,8,1
FixedPrice,EndedWithSales,1218.5,904.95,2018,3,4,8,2
StoreInventory,EndedWithSales,935.1,271,2014,1.4,2,4,1
FixedPrice,EndedWithSales,3.4,400,2014,2.6,2,8,1
StoreInventory,EndedWithSales,26,382.5,2014,2.6,2,8,2
FixedPrice,EndedWithSales,23,290.22,2014,1.4,2,4,1
StoreInventory,EndedWithSales,599.2,599,2012,2.3,4,16,4
StoreInventory,EndedWithoutSales,2291.5,999,2018,3.6,4,64,2
StoreInventory,EndedWithSales,18.4,1285,2018,3.2,4,32,2
FixedPrice,EndedWithSales,1668.2,290,2014,1.4,2,4,1
FixedPrice,EndedWithSales,2514.2,499,2012,2.3,4,4,1
Auction,EndedWithSales,168,1690,2018,3.6,4,8,2
FixedPrice,EndedWithSales,717.7,274.99,2014,2.5,2,4,1
StoreInventory,EndedWithSales,14.2,349.99,2014,2.6,2,8,1
FixedPrice,EndedWithSales,20,339.4,2014,2.6,2,8,1
StoreInventory,EndedWithSales,88.1,396.95,2012,2.3,4,4,1
FixedPrice,EndedWithSales,3.9,1100,2018,3.2,4,64,2
Auction,EndedWithSales,168,206.5,2012,2.5,2,4,1
Auction,EndedWithSales,24,116,2014,2.5,2,4,1
Auction,EndedWithSales,67.8,326.7,2012,2.5,2,16,1
Auction,EndedWithSales,168,324.2,2014,2.6,2,8,1
Auction,EndedWithSales,168,634.4,2014,3,2,16,1
StoreInventory,EndedWithSales,284.3,385,2012,2.5,2,16,2
StoreInventory,EndedWithSales,604.1,394.99,2014,2.6,2,16,1
FixedPrice,EndedWithSales,308.9,310,2012,2.5,2,4,2
Auction,EndedWithSales,72,330,2014,2.6,2,4,1
FixedPrice,EndedWithSales,12616.7,279.99,2014,1.4,2,4,1
FixedPrice,EndedWithSales,0.1,450,2018,3.6,4,8,2
FixedPrice,EndedWithSales,595.1,242.01,2014,1.4,2,4,1
FixedPrice,EndedWithSales,12.9,236.3,2012,2.5,2,8,1
Auction,EndedWithSales,167.9,318.3,2014,2.6,2,8,1
StoreInventory,EndedWithSales,561,401,2014,2.6,2,8,1
FixedPrice,EndedWithSales,1.3,200,2012,2.5,2,8,1
FixedPrice,EndedWithSales,6.1,450,2012,2.3,4,4,1
StoreInventory,EndedWithSales,1.6,286.7,2012,2.5,2,8,1
StoreInventory,EndedWithSales,749.2,449.1,2012,2.5,2,16,4
Auction,EndedWithSales,168,810.55,2018,3.6,4,8,2
FixedPrice,EndedWithSales,424.8,381,2012,2.3,4,16,1
StoreInventory,EndedWithSales,73.5,899.99,2018,3,4,8,2
StoreInventory,EndedWithoutSales,8584.4,564,2014,3,2,16,1
Auction,EndedWithSales,120,328,2014,1.4,2,8,2
Auction,EndedWithSales,119.5,162,2014,1.4,2,4,1
FixedPrice,EndedWithSales,0.5,1099.95,2018,3.2,4,16,2
Auction,EndedWithoutSales,240,612.95,2018,3.6,4,8,2
StoreInventory,EndedWithSales,41.3,1150,2018,3,4,32,2
FixedPrice,EndedWithSales,12.8,325,2012,2.3,4,4,1
Auction,EndedWithSales,168,295.8,2014,1.4,2,4,1
StoreInventory,EndedWithSales,1530,282,2012,2.5,2,4,1
StoreInventory,EndedWithoutSales,7747.4,564,2014,2.6,2,16,1
StoreInventory,EndedWithSales,644.5,229.95,2012,2.5,2,4,1
Auction,EndedWithSales,120,930,2018,3,4,16,2
StoreInventory,EndedWithSales,689,239.2,2014,1.4,2,4,1
FixedPrice,EndedWithSales,9571.4,38.29,2012,2.3,4,4,1
StoreInventory,EndedWithSales,65.3,765,2018,3.6,4,16,2
StoreInventory,EndedWithSales,40.4,242.49,2012,2.5,2,4,1
FixedPrice,EndedWithSales,34.4,299.99,2014,2.6,2,8,2
StoreInventory,EndedWithSales,708,239.2,2014,1.4,2,4,1
StoreInventory,EndedWithSales,7706.8,474.05,2014,2.6,2,8,2
StoreInventory,EndedWithSales,25.5,80,2014,1.4,2,4,1
Auction,EndedWithSales,96.7,220,2014,1.6,2,4,1
FixedPrice,EndedWithSales,52.2,568.14,2012,2.6,4,16,2
FixedPrice,EndedWithSales,313.6,235.05,2014,1.4,2,4,1
StoreInventory,EndedWithSales,72,237.24,2014,1.4,2,16,1
FixedPrice,EndedWithSales,65.7,299,2012,2.5,2,8,2
FixedPrice,EndedWithSales,39,459.2,2012,2.6,4,4,1
FixedPrice,EndedWithSales,39.3,1663.95,2018,3.2,4,32,2
StoreInventory,EndedWithSales,665,257,2014,1.4,2,4,1
FixedPrice,EndedWithSales,1799.5,649.95,2018,3.6,4,8,2
FixedPrice,EndedWithSales,937,324.98,2014,2.6,2,8,1
FixedPrice,EndedWithSales,1.2,235,2014,2.6,2,4,1
StoreInventory,EndedWithSales,7.6,1865,2018,3.2,4,64,2
Auction,EndedWithSales,120,202.5,2014,2.5,2,16,1
Auction,EndedWithSales,2.1,400,2018,3,4,8,2
StoreInventory,EndedWithSales,34.8,1150,2018,3,4,32,2
Auction,EndedWithSales,168,225.7,2014,1.4,2,4,1
FixedPrice,EndedWithSales,1.6,280,2014,2.6,2,8,1
Auction,EndedWithSales,120,222.7,2012,2.5,2,8,1
StoreInventory,EndedWithSales,2.5,286.99,2014,2.6,2,8,2
FixedPrice,EndedWithSales,2321,362.98,2014,2.6,2,8,1
StoreInventory,EndedWithSales,0.6,249.99,2014,2.6,2,8,2
StoreInventory,EndedWithSales,54.8,206.99,2014,2.5,2,4,1
FixedPrice,EndedWithSales,68.4,299.99,2014,2.6,2,8,2
StoreInventory,EndedWithSales,1.1,269.99,2014,2.6,2,8,2
StoreInventory,EndedWithSales,3.1,249.99,2014,2.6,2,8,2
Auction,EndedWithSales,168,325,2014,2.6,2,8,2
StoreInventory,EndedWithSales,2.2,259.99,2014,2.6,2,8,2
StoreInventory,EndedWithSales,18.6,1165,2018,3,4,32,2
StoreInventory,EndedWithSales,1.4,249.99,2014,2.6,2,8,2
FixedPrice,EndedWithSales,615,242.54,2014,1.4,2,4,1
StoreInventory,EndedWithSales,1.6,269.99,2014,2.6,2,8,2
StoreInventory,EndedWithSales,0.5,259.99,2014,2.6,2,8,2
FixedPrice,EndedWithSales,1858.2,244.19,2014,1.4,2,4,1
FixedPrice,EndedWithSales,142.4,1380,2018,3.2,4,32,2
Auction,EndedWithSales,168,199.75,2012,2.3,4,4,1
StoreInventory,EndedWithSales,0.1,269.99,2014,2.6,2,8,2
FixedPrice,EndedWithSales,86.5,229.99,2014,1.4,2,4,1
FixedPrice,EndedWithSales,7.3,223.85,2014,1.4,2,4,1
FixedPrice,EndedWithSales,57.3,600,2014,3,2,16,2
StoreInventory,EndedWithSales,6.9,242.49,2014,2.6,2,8,2
StoreInventory,EndedWithSales,7.3,242.49,2014,2.6,2,8,2
StoreInventory,EndedWithSales,8.7,192.99,2012,2.5,2,4,1
Auction,EndedWithSales,240,287.99,2012,2.5,2,4,1
FixedPrice,EndedWithSales,148.4,275,2014,1.4,2,4,1
StoreInventory,EndedWithSales,78.5,249.95,2014,1.4,2,4,1
Auction,EndedWithoutSales,168,349.99,2014,2.6,2,16,1
Auction,EndedWithSales,168,278.04,2014,2.6,2,8,1
StoreInventory,EndedWithSales,4.7,242.49,2014,2.6,2,8,2
StoreInventory,EndedWithSales,625,220.15,2014,1.4,2,4,1
StoreInventory,EndedWithSales,3.7,286.99,2014,2.6,2,8,2
FixedPrice,EndedWithSales,265.7,1663.95,2018,3.2,4,32,2
StoreInventory,EndedWithSales,90.9,1083.45,2018,3,4,32,2
FixedPrice,EndedWithSales,213.4,650,2018,3.6,4,8,2
StoreInventory,EndedWithSales,164,765,2018,3.6,4,16,2
Auction,EndedWithSales,120,966.7,2018,3,4,16,2
StoreInventory,EndedWithSales,1,319.99,2014,2.6,2,8,2
StoreInventory,EndedWithSales,0.8,269.99,2014,2.6,2,8,2
StoreInventory,EndedWithSales,0.6,214.28,2014,1.4,2,4,1
StoreInventory,EndedWithSales,21.3,220,2012,2.5,2,4,1
StoreInventory,EndedWithSales,0.3,249.99,2014,2.6,2,8,2
FixedPrice,EndedWithSales,0.3,1099.95,2018,3.2,4,16,2
Auction,EndedWithSales,120,613.95,2018,3.6,4,8,2
StoreInventory,EndedWithSales,226.5,1092.5,2018,3,4,32,2
FixedPrice,EndedWithSales,8.3,264.4,2014,1.4,2,4,1
FixedPrice,EndedWithSales,144.4,449,2014,2.6,2,16,1
Auction,EndedWithSales,168,800,2018,3,4,8,2
Auction,EndedWithSales,0.5,25,2014,2.5,2,4,1
Auction,EndedWithSales,168,217.86,2014,1.4,2,4,1
StoreInventory,EndedWithSales,3.2,220,2012,2.5,2,4,1
StoreInventory,EndedWithSales,9109.3,484.06,2014,1.4,2,4,2
Auction,EndedWithSales,168,429.2,2012,2.6,4,4,1
FixedPrice,EndedWithSales,453.1,249.99,2012,2.6,4,8,1
StoreInventory,EndedWithSales,4.3,220,2012,2.5,2,4,1
Auction,EndedWithSales,120,401.96,2014,1.4,2,4,1
Auction,EndedWithSales,168,256.45,2014,2.6,2,8,1
StoreInventory,EndedWithSales,13.7,220,2012,2.5,2,4,1
FixedPrice,EndedWithSales,30.6,389.99,2014,2.6,2,16,2
StoreInventory,EndedWithSales,9.8,276.99,2012,2.5,2,16,3
FixedPrice,EndedWithSales,0.3,179.99,2014,1.4,2,4,1
Auction,EndedWithSales,168,339.99,2014,2.6,2,8,1
FixedPrice,EndedWithSales,0.8,550,2014,3,2,16,3
FixedPrice,EndedWithSales,46,299.99,2014,2.6,2,8,2
StoreInventory,EndedWithSales,18.5,220,2012,2.5,2,4,1
Auction,EndedWithSales,240,190,2014,1.6,2,4,1
Auction,EndedWithSales,49.1,180,2014,1.4,2,4,1
FixedPrice,EndedWithSales,2.3,339,2014,2.5,2,16,3
Auction,EndedWithSales,240,622.23,2018,3.6,4,8,2
Auction,EndedWithSales,168,217.2,2014,2.5,2,4,1
FixedPrice,EndedWithSales,20.1,513.94,2018,3.6,4,8,2
Auction,EndedWithSales,168,140.5,2012,2.3,4,8,1
Auction,EndedWithSales,120,131.5,2014,1.4,2,4,1
StoreInventory,EndedWithSales,11.3,603.9,2014,3,2,16,2
StoreInventory,EndedWithSales,585.5,1106.75,2018,3,4,32,2
Auction,EndedWithSales,168,622.97,2018,3.6,4,8,2
FixedPrice,EndedWithSales,336.3,669.99,2014,1.4,2,4,1
FixedPrice,EndedWithSales,65.2,299.99,2014,2.6,2,8,2
FixedPrice,EndedWithSales,0,231.7,2012,2.5,2,4,1
Auction,EndedWithSales,168,153.49,2014,2.5,2,4,1
FixedPrice,EndedWithSales,41.2,244.35,2014,1.4,2,4,1
FixedPrice,EndedWithSales,0,599,2018,3,4,8,2
Auction,EndedWithSales,47.5,180,2014,1.4,2,4,1
FixedPrice,EndedWithSales,0.6,265.95,2014,2.3,2,8,2
StoreInventory,EndedWithSales,35.6,375,2012,2.3,4,4,1
Auction,EndedWithSales,72,232.5,2014,2.6,2,8,1
StoreInventory,EndedWithSales,217.8,603.9,2014,3,2,16,2
StoreInventory,EndedWithSales,8.7,494.95,2014,3,2,16,3
Auction,EndedWithSales,120,285,2014,1.4,2,4,2
FixedPrice,EndedWithoutSales,710.5,1061.37,2018,3,4,32,2
Auction,EndedWithSales,168,238,2014,1.4,2,4,1
StoreInventory,EndedWithSales,181.8,1519.05,2018,3.2,4,64,2
FixedPrice,EndedWithSales,9.2,849.99,2018,3.6,4,64,2
Auction,EndedWithSales,80.3,823.15,2018,3,4,8,2
StoreInventory,EndedWithSales,702.5,238,2014,1.4,2,4,1
Auction,EndedWithSales,0.9,310,2012,2.3,4,4,1
StoreInventory,EndedWithSales,2183.8,859,2018,3.6,4,32,2
FixedPrice,EndedWithSales,0.7,272.25,2014,2.6,2,8,1
StoreInventory,EndedWithSales,1269.6,295,2012,2.5,2,8,1
StoreInventory,EndedWithSales,334.7,465,2014,2.6,2,16,1
FixedPrice,EndedWithSales,162.5,231.65,2014,1.4,2,4,1
Auction,EndedWithSales,168,386,2014,2.6,2,16,2
Auction,EndedWithSales,168,345.91,2012,2.3,4,8,1
Auction,EndedWithSales,168,337.91,2012,2.3,4,8,1
Auction,EndedWithSales,168,327.91,2012,2.3,4,8,1
Auction,EndedWithSales,168,345.91,2012,2.3,4,8,1
FixedPrice,EndedWithSales,15.1,259.2,2014,2.6,2,8,2
StoreInventory,EndedWithSales,146,1385,2018,3,4,32,2
FixedPrice,EndedWithSales,21,637,2018,3.6,4,8,2
FixedPrice,EndedWithSales,0.3,233.1,2012,2.3,4,4,1
StoreInventory,EndedWithSales,80.4,220,2012,2.5,2,4,1
FixedPrice,EndedWithSales,8.6,299.99,2014,2.6,2,8,2
StoreInventory,EndedWithSales,1281.9,391,2014,2.6,2,8,1
FixedPrice,EndedWithSales,2.2,285.95,2014,2.3,2,8,2
StoreInventory,EndedWithSales,6215.6,394.99,2014,1.4,2,4,2
Auction,EndedWithSales,168,210.51,2014,1.4,2,4,1
Auction,EndedWithSales,168,440.13,2018,3,4,8,2
Auction,EndedWithSales,168,166.48,2014,2.6,2,8,1
StoreInventory,EndedWithSales,3296.6,451.05,2014,2.6,2,8,4
Auction,EndedWithSales,120,235,2012,2.5,2,4,1
StoreInventory,EndedWithSales,167.4,765,2018,3.6,4,16,2
Auction,EndedWithSales,120,257,2012,2.3,4,8,1
Auction,EndedWithSales,120,155.74,2012,2.5,2,4,1
Auction,EndedWithSales,120,155.97,2012,2.5,2,4,1
Auction,EndedWithSales,120,153.01,2012,2.5,2,4,1
Auction,EndedWithSales,120,153.5,2012,2.5,2,4,1
Auction,EndedWithSales,120,132.5,2012,2.5,2,4,1
Auction,EndedWithSales,72,549.17,2018,3.6,4,8,2
FixedPrice,EndedWithSales,25.1,445,2014,3,2,16,3
FixedPrice,EndedWithSales,41.6,299.99,2014,2.6,2,8,2
StoreInventory,EndedWithSales,9115.2,535,2012,2.5,2,16,2
FixedPrice,EndedWithSales,1,264.4,2014,1.4,2,4,1
StoreInventory,EndedWithSales,289,249.99,2012,2.5,2,10,1
Auction,EndedWithSales,120,660,2018,3.6,4,8,2
StoreInventory,EndedWithSales,98.4,319,2014,2.6,2,8,1
Auction,EndedWithSales,168,349,2014,2.8,2,8,1
Auction,EndedWithSales,168,216.74,2014,2.5,2,4,1
Auction,EndedWithSales,168,833.01,2018,3,4,8,2
FixedPrice,EndedWithSales,122.7,446.95,2014,3,2,4,1
Auction,EndedWithSales,168,315,2012,2.3,4,16,1
FixedPrice,EndedWithSales,70.7,825,2018,3,4,8,2
FixedPrice,EndedWithSales,1.5,350,2014,2.6,2,16,1
Auction,EndedWithSales,168,132.11,2014,1.4,2,4,1
StoreInventory,EndedWithoutSales,1776.3,679,2014,3,2,16,2
Auction,EndedWithSales,165.5,280,2014,1.4,2,4,1
StoreInventory,EndedWithSales,51.9,1363.25,2018,3.2,4,64,2
StoreInventory,EndedWithSales,7870.5,304.04,2014,1.4,2,4,2
StoreInventory,EndedWithSales,117.9,186.99,2014,2.5,2,4,1
Auction,EndedWithSales,120,386,2014,1.4,2,4,1
Auction,EndedWithSales,120,1625,2018,3.2,4,32,2
FixedPrice,EndedWithSales,1.1,469,2012,2.6,4,16,2
Auction,EndedWithSales,120,363,2012,2.3,4,8,2
Auction,EndedWithSales,168,371.55,2012,2.3,4,8,1
Auction,EndedWithSales,168,217.49,2014,1.4,2,4,1
StoreInventory,EndedWithSales,8780.7,497.2,2014,2.6,2,16,2
Auction,EndedWithSales,168,183.75,2014,1.4,2,4,1
FixedPrice,EndedWithSales,17.6,1420.07,2018,3.2,4,32,2
Auction,EndedWithSales,168,198.75,2014,2.5,2,4,1
Auction,EndedWithSales,168,92.99,2014,1.4,2,4,1
FixedPrice,EndedWithSales,75.2,199,2014,2.5,2,4,1
Auction,EndedWithSales,120,323,2012,2.3,4,4,1
StoreInventory,EndedWithSales,93.4,220,2012,2.5,2,4,1
FixedPrice,EndedWithoutSales,1604.3,614,2014,3,2,16,1
FixedPrice,EndedWithoutSales,3396.7,347.49,2014,1.4,2,4,1
FixedPrice,EndedWithSales,126.5,299.99,2014,2.6,2,8,2
StoreInventory,EndedWithSales,4147.4,497.2,2014,2.6,2,8,2
Auction,EndedWithSales,168,533.16,2018,3.6,4,8,2
Auction,EndedWithSales,168,206.05,2012,2.5,2,8,1
Auction,EndedWithSales,168,355,2012,2.3,4,16,1
StoreInventory,EndedWithSales,1524.8,569.99,2012,2.3,4,16,2
Auction,EndedWithSales,120,210,2014,1.6,2,4,3
StoreInventory,EndedWithSales,3.1,299.99,2012,2.6,4,8,2
Auction,EndedWithSales,120,202.55,2012,2.5,2,4,1
FixedPrice,EndedWithSales,64.8,459.99,2014,3,2,8,3
FixedPrice,EndedWithSales,387.4,290.05,2014,1.4,2,4,1
Auction,EndedWithSales,168,1466,2018,3.2,4,64,2
FixedPrice,EndedWithSales,75.7,600,2018,3.6,4,8,2
StoreInventory,EndedWithSales,2711.1,350,2014,2.6,2,8,1
FixedPrice,EndedWithSales,429.6,264.99,2014,2.5,2,4,1
Auction,EndedWithSales,72,574.95,2018,3.6,4,8,2
Auction,EndedWithSales,26.8,222.5,2014,1.6,2,16,1
Auction,EndedWithSales,168,289.75,2014,2.6,2,8,1
Auction,EndedWithSales,168,320.7,2014,2.6,2,8,1
StoreInventory,EndedWithSales,21.8,209.19,2014,1.4,2,16,1
Auction,EndedWithSales,7.1,158.4,2012,2.5,2,8,2
FixedPrice,EndedWithSales,801.9,257,2014,1.4,2,4,1
StoreInventory,EndedWithSales,368.1,341.25,2014,2.6,2,8,1
Auction,EndedWithSales,120,355,2014,2.6,2,16,1
StoreInventory,EndedWithSales,620.5,249.99,2014,1.4,2,4,1
Auction,EndedWithSales,120,302,2014,2.6,2,8,1
Auction,EndedWithSales,168,298.7,2012,2.3,4,4,1
Auction,EndedWithSales,168,593.15,2018,3.6,4,8,2
Auction,EndedWithSales,120,370,2014,1.4,2,4,1
FixedPrice,EndedWithSales,0.1,820,2018,3,4,8,2
Auction,EndedWithSales,126.4,313.95,2012,2.5,2,4,1
Auction,EndedWithSales,120,370,2014,1.4,2,4,1
Auction,EndedWithSales,120,385,2014,1.4,2,4,1
Auction,EndedWithSales,120,375,2014,1.4,2,4,1
StoreInventory,EndedWithSales,24.3,204.99,2012,2.5,2,4,1
Auction,EndedWithSales,0.1,650,2018,3,4,8,2
StoreInventory,EndedWithSales,1.9,209.99,2014,1.4,2,4,1
FixedPrice,EndedWithSales,0.3,325,2012,2.6,4,8,2
FixedPrice,EndedWithSales,24.6,209.99,2014,1.4,2,4,1
StoreInventory,EndedWithSales,0.5,300,2012,2.3,4,8,1
Auction,EndedWithSales,168,1499.79,2018,3.2,4,64,2
StoreInventory,EndedWithSales,144.1,603.9,2014,3,2,16,2
StoreInventory,EndedWithSales,5.8,204.99,2012,2.5,2,4,1
StoreInventory,EndedWithSales,72.8,711.45,2018,3.6,4,16,2
StoreInventory,EndedWithSales,103.6,1150,2018,3,4,32,2
FixedPrice,EndedWithSales,3.4,186.4,2014,1.4,2,16,1
FixedPrice,EndedWithSales,0.8,614,2014,3,2,16,2
FixedPrice,EndedWithSales,599.1,111.46,2014,2.6,2,8,1
Auction,EndedWithSales,120,319.55,2014,2.6,2,8,1
Auction,EndedWithSales,0.1,126.99,2014,2.5,2,4,1
StoreInventory,EndedWithSales,18.8,220,2012,2.5,2,4,1
FixedPrice,EndedWithSales,18.5,210.01,2012,2.5,2,4,1
StoreInventory,EndedWithSales,0.1,324.99,2012,2.6,4,16,1
Auction,EndedWithSales,25.7,325,2014,2.6,2,8,2
Auction,EndedWithSales,0,111.98,2014,2.5,2,4,1
FixedPrice,EndedWithSales,3424.8,417.35,2012,2.5,2,8,3
FixedPrice,EndedWithSales,1.1,201.7,2014,2.5,2,4,1
FixedPrice,EndedWithSales,973.6,349.9,2014,2.6,2,8,1
StoreInventory,EndedWithSales,8,209.19,2014,1.4,2,16,1
Auction,EndedWithSales,72,490.2,2014,2.8,2,16,2
FixedPrice,EndedWithSales,31.4,350,2012,2.3,4,16,1
FixedPrice,EndedWithSales,29.9,209.99,2014,1.4,2,4,1
StoreInventory,EndedWithSales,3.4,279.99,2014,2.6,2,8,1
Auction,EndedWithSales,3.9,375,2012,2.3,4,16,2
Auction,EndedWithSales,168,406.02,2014,2.6,2,16,2
FixedPrice,EndedWithSales,120.7,374.99,2012,2.5,2,16,2
Auction,EndedWithSales,168,81,2014,2.6,2,8,1
Auction,EndedWithSales,168,343.15,2014,2.6,2,8,1
StoreInventory,EndedWithSales,1.2,250,2014,2.6,2,8,1
FixedPrice,EndedWithSales,259.2,224.99,2014,1.4,2,4,1
StoreInventory,EndedWithSales,240.3,464.07,2012,2.6,4,16,4
Auction,EndedWithSales,72,335,2014,1.4,2,4,1
StoreInventory,EndedWithSales,142.1,220,2012,2.5,2,4,1
FixedPrice,EndedWithSales,51.1,252,2012,2.5,2,8,2
FixedPrice,EndedWithSales,206.5,849.95,2018,3,4,8,2
Auction,EndedWithSales,120,369,2014,1.4,2,4,1
Auction,EndedWithSales,168,236.54,2014,2.6,2,8,1
Auction,EndedWithSales,168,331.2,2018,3,4,8,2
Auction,EndedWithSales,168,877.9,2018,3,4,32,2
Auction,EndedWithSales,168,203.5,2014,1.4,2,4,1
Auction,EndedWithSales,21.9,600,2018,3.6,4,32,2
Auction,EndedWithSales,168,204.95,2012,2.5,2,4,1
Auction,EndedWithSales,168,1591,2018,3.2,4,64,2
FixedPrice,EndedWithSales,656.5,212.55,2014,1.4,2,4,1
Auction,EndedWithSales,168,360.2,2012,2.6,4,4,1
FixedPrice,EndedWithSales,1.1,299.99,2014,2.6,2,8,2
FixedPrice,EndedWithSales,59.7,209.2,2014,2.6,2,8,1
StoreInventory,EndedWithSales,31.8,265.99,2014,1.4,2,16,1
Auction,EndedWithSales,168,469.2,2014,2.6,2,8,2
StoreInventory,EndedWithSales,389.4,1600.75,2018,3.2,4,32,2
FixedPrice,EndedWithSales,217.2,368,2014,1.6,2,16,1
FixedPrice,EndedWithSales,3.3,220,2014,1.4,2,4,1
StoreInventory,EndedWithSales,218.4,730.05,2018,3.6,4,32,2
FixedPrice,EndedWithSales,98.6,375,2014,2.6,2,8,1
FixedPrice,EndedWithSales,210.4,474.99,2014,3,2,8,3
Auction,EndedWithSales,240,152.49,2014,1.4,2,4,1
FixedPrice,EndedWithSales,14.9,209.99,2014,1.4,2,4,1
FixedPrice,EndedWithSales,97.2,418.98,2014,1.4,2,4,1
StoreInventory,EndedWithSales,1291.1,368,2014,2.6,2,8,1
Auction,EndedWithSales,17.9,52.8,2014,2.6,2,8,1
FixedPrice,EndedWithSales,32.1,395.69,2014,3,2,8,2
StoreInventory,EndedWithSales,16.6,199,2012,2.3,4,8,2
Auction,EndedWithSales,168,237.5,2014,2.6,2,8,1
Auction,EndedWithSales,168,235.5,2014,2.6,2,8,1
Auction,EndedWithSales,168,245.5,2014,2.6,2,8,1
StoreInventory,EndedWithSales,11.8,159,2012,2.3,4,4,1
StoreInventory,EndedWithSales,11.2,209.99,2014,1.4,2,4,1
StoreInventory,EndedWithSales,4.2,169,2012,2.3,4,8,1
FixedPrice,EndedWithSales,92,209.99,2014,1.4,2,4,1
Auction,EndedWithSales,144.3,1518.65,2018,3,4,64,2
FixedPrice,EndedWithSales,626.5,229.55,2014,1.4,2,4,1
Auction,EndedWithSales,168,186.55,2014,1.4,2,16,1
FixedPrice,EndedWithSales,12.3,304.39,2012,2.3,4,8,1
Auction,EndedWithSales,168,190.5,2014,1.4,2,4,2
FixedPrice,EndedWithSales,3.3,311.7,2014,2.6,2,8,1
FixedPrice,EndedWithSales,9.4,204.39,2012,2.5,2,8,1
StoreInventory,EndedWithSales,210.1,1065,2018,3,4,32,2
FixedPrice,EndedWithSales,8,274.39,2012,2.3,4,4,1
FixedPrice,EndedWithSales,298.8,235.19,2014,1.4,2,4,1
StoreInventory,EndedWithSales,926.6,311.95,2014,3,2,16,2
StoreInventory,EndedWithSales,868,221,2014,1.4,2,4,1
StoreInventory,EndedWithSales,83,379.25,2012,2.3,4,8,1
Auction,EndedWithSales,168,574.15,2018,3.6,4,8,2
Auction,EndedWithSales,168,202.55,2014,1.4,2,4,1
FixedPrice,EndedWithSales,102,231.55,2014,1.4,2,4,1
FixedPrice,EndedWithSales,268.8,285,2012,2.5,2,16,3
StoreInventory,EndedWithSales,0.9,113.95,2014,2.6,2,8,2
FixedPrice,EndedWithSales,147.5,299.99,2014,2.6,2,8,2
Auction,EndedWithSales,168,214.57,2014,1.4,2,4,1
StoreInventory,EndedWithSales,1553.3,341.99,2014,1.4,2,4,4
Auction,EndedWithSales,168,184.04,2014,2.5,2,4,1
FixedPrice,EndedWithSales,23.8,1865.39,2018,3.2,4,64,2
StoreInventory,EndedWithSales,199.2,1125.75,2018,3,4,32,2
Auction,EndedWithSales,120,396.99,2014,1.4,2,4,1
Auction,EndedWithSales,120,390,2014,1.4,2,4,1
StoreInventory,EndedWithSales,465,209,2014,1.4,2,4,1
Auction,EndedWithSales,168,1492,2018,3.2,4,64,2
Auction,EndedWithSales,120,401.63,2014,1.4,2,4,1
Auction,EndedWithSales,168,785,2018,3,4,8,2
FixedPrice,EndedWithSales,2.8,360.6,2012,2.3,4,16,1
Auction,EndedWithSales,120,485,2014,1.4,2,4,1
StoreInventory,EndedWithSales,2.3,250,2014,1.4,2,4,1
StoreInventory,EndedWithSales,8948.4,1082.05,2012,2.3,4,16,2
StoreInventory,EndedWithSales,1194.1,318.99,2014,1.4,2,4,2
StoreInventory,EndedWithSales,1.4,419.98,2014,1.4,2,4,1
StoreInventory,EndedWithSales,163.4,199.99,2012,2.5,2,4,1
StoreInventory,EndedWithSales,812.1,219,2014,1.4,2,4,1
Auction,EndedWithSales,168,800.08,2018,3.6,4,8,2
Auction,EndedWithSales,0.9,517.25,2018,3.6,4,8,2
FixedPrice,EndedWithSales,346.4,416,2012,2.3,4,4,1
StoreInventory,EndedWithSales,105,1670,2018,3.2,4,32,2
FixedPrice,EndedWithSales,467.5,399.99,2012,2.5,2,16,2
StoreInventory,EndedWithSales,26.1,1739,2018,3.2,4,64,2
StoreInventory,EndedWithSales,1025.4,569.05,2012,2.3,4,16,2
StoreInventory,EndedWithSales,3.7,799,2018,3,4,8,2
StoreInventory,EndedWithSales,523.8,599,2012,2.3,4,16,4
StoreInventory,EndedWithSales,107.1,799,2018,3,4,8,2
Auction,EndedWithSales,168,350.05,2012,2.5,2,16,1
StoreInventory,EndedWithSales,16.1,198,2014,1.4,2,4,1
StoreInventory,EndedWithSales,21.5,209.99,2014,1.4,2,4,1
StoreInventory,EndedWithSales,779.3,255,2012,2.5,2,4,1
StoreInventory,EndedWithSales,602.6,1125.75,2018,3,4,64,2
Auction,EndedWithSales,72,195.5,2014,1.4,2,4,1
FixedPrice,EndedWithSales,2.4,275,2012,2.5,2,4,1
FixedPrice,EndedWithSales,647.6,249.99,2014,1.4,2,4,1
StoreInventory,EndedWithSales,122.2,220,2012,2.5,2,4,1
FixedPrice,EndedWithSales,20.4,199,2014,1.4,2,4,1
Auction,EndedWithSales,240,421.55,2012,2.3,4,16,3
StoreInventory,EndedWithSales,85.1,759.05,2018,3.6,4,16,2
StoreInventory,EndedWithSales,1281.7,304.04,2014,1.4,2,4,4
FixedPrice,EndedWithSales,8,209.2,2012,2.6,4,12,1
FixedPrice,EndedWithSales,31.3,375.7,2012,2.3,4,8,2
Auction,EndedWithSales,120,395,2014,1.4,2,4,1
Auction,EndedWithSales,120,395,2014,1.4,2,4,1
Auction,EndedWithSales,120,391,2014,1.4,2,4,1
Auction,EndedWithSales,120,395,2014,1.4,2,4,1
Auction,EndedWithSales,120,395,2014,1.4,2,4,1
FixedPrice,EndedWithSales,73.2,199,2012,2.5,2,12,3
StoreInventory,EndedWithSales,1759.2,1744,2018,3.2,4,64,2
StoreInventory,EndedWithSales,10.3,214.5,2014,2.6,2,8,1
FixedPrice,EndedWithSales,76.4,299,2012,2.6,4,8,1
Auction,EndedWithSales,0,325,2014,3,2,8,3
Auction,EndedWithSales,120,251,2014,2.6,2,8,1
Auction,EndedWithSales,120,253,2014,2.6,2,8,1
Auction,EndedWithSales,168,336.3,2012,2.3,4,4,1
Auction,EndedWithSales,0.4,165.05,2014,1.4,2,4,1
FixedPrice,EndedWithSales,284.1,400,2014,2.6,2,16,2
Auction,EndedWithSales,120,227.5,2014,1.4,2,4,2
FixedPrice,EndedWithSales,209.4,1000,2018,3.6,4,8,2
StoreInventory,EndedWithSales,548.1,308,2012,2.5,2,16,2
Auction,EndedWithSales,155.9,249.5,2014,2.6,2,8,1
Auction,EndedWithSales,120,420,2014,1.4,2,4,1
StoreInventory,EndedWithSales,48.5,1599,2018,3.2,4,64,2
FixedPrice,EndedWithSales,154,215,2014,2.5,2,4,1
FixedPrice,EndedWithSales,2.8,274.95,2014,2.5,2,4,1
Auction,EndedWithSales,168,405.85,2012,2.3,4,16,2
FixedPrice,EndedWithSales,28.2,211.95,2014,1.4,2,4,1
Auction,EndedWithSales,168,2635,2018,3.6,4,64,2
Auction,EndedWithSales,120,269.35,2014,2.5,2,4,1
Auction,EndedWithSales,168,281.55,2014,2.6,2,8,1
Auction,EndedWithSales,120,340.3,2012,2.6,4,4,1
Auction,EndedWithSales,120,400,2014,3,2,16,1
FixedPrice,EndedWithSales,41,219,2012,2.5,2,8,1
Auction,EndedWithSales,168,150.3,2014,2.6,2,8,1
FixedPrice,EndedWithSales,40.6,299.99,2014,2.6,2,8,2
StoreInventory,EndedWithSales,20.2,222.95,2014,1.4,2,4,1
StoreInventory,EndedWithSales,8084.5,604.5,2012,2.3,4,16,2
Auction,EndedWithSales,120,379,2014,1.4,2,4,1
FixedPrice,EndedWithSales,817.7,235.64,2012,2.5,2,4,1
FixedPrice,EndedWithSales,348.3,319,2014,1.4,2,16,1
Auction,EndedWithSales,72,335,2014,3,2,8,3
Auction,EndedWithSales,120,379,2014,1.4,2,4,1
FixedPrice,EndedWithSales,99,1385,2018,3.2,4,64,2
FixedPrice,EndedWithSales,193,215,2014,1.4,2,4,1
StoreInventory,EndedWithSales,328.5,209.19,2014,1.4,2,16,1
StoreInventory,EndedWithSales,331.3,285.45,2012,2.5,2,8,2
StoreInventory,EndedWithSales,1050.1,775,2018,3.6,4,16,2
Auction,EndedWithSales,168,361.55,2012,2.3,4,8,1
StoreInventory,EndedWithSales,58.7,335,2012,2.5,2,16,1
StoreInventory,EndedWithSales,1518.1,1875,2018,3.2,4,64,2
Auction,EndedWithSales,4,872,2018,3.2,4,32,2
FixedPrice,EndedWithSales,433.9,299,2012,2.5,2,12,3
StoreInventory,EndedWithSales,2038,962.55,2018,3.6,4,64,2
StoreInventory,EndedWithSales,115.8,395.25,2012,2.5,2,16,1
StoreInventory,EndedWithSales,1704.4,1785,2018,3.2,4,64,2
StoreInventory,EndedWithSales,3.7,639,2018,3.6,4,8,2
Auction,EndedWithSales,120,299.2,2014,1.4,2,4,1
FixedPrice,EndedWithSales,18.2,299.99,2014,2.6,2,8,2
StoreInventory,EndedWithSales,27.1,220,2012,2.5,2,4,1
Auction,EndedWithSales,17.9,101.4,2014,2.5,2,4,1
StoreInventory,EndedWithSales,29.9,1410.75,2018,3.2,4,64,2
Auction,EndedWithSales,120,575,2018,3.6,4,8,2
StoreInventory,EndedWithSales,84.6,1185,2018,3,4,32,2
Auction,EndedWithSales,120,232.5,2014,1.4,2,4,1
Auction,EndedWithSales,168,186.7,2012,2.5,2,4,1
FixedPrice,EndedWithSales,29.6,450,2014,3,2,8,3
FixedPrice,EndedWithSales,111.1,784,2014,3,2,16,2
FixedPrice,EndedWithSales,0.4,199,2012,2.5,2,4,1
Auction,EndedWithSales,240,259.05,2012,2.5,2,16,2
StoreInventory,EndedWithSales,501.3,239,2014,1.4,2,4,1
FixedPrice,EndedWithSales,268.9,210.61,2014,1.4,2,4,1
FixedPrice,EndedWithSales,149.6,204.2,2014,1.4,2,4,1
StoreInventory,EndedWithSales,88.4,1709.05,2018,3.2,4,64,2
Auction,EndedWithSales,168,188.45,2012,2.5,2,4,1
FixedPrice,EndedWithSales,44.3,299.99,2014,2.6,2,8,2
FixedPrice,EndedWithSales,652.2,499.99,2014,3,2,8,4
StoreInventory,EndedWithSales,126.3,220,2012,2.5,2,4,1
Auction,EndedWithSales,168,492.9,2018,3.6,4,8,2
Auction,EndedWithSales,168,430,2014,3,2,16,1
Auction,EndedWithSales,100.9,599,2018,3.6,4,8,2
StoreInventory,EndedWithSales,1556.9,499,2012,2.5,2,16,4
Auction,EndedWithSales,168,168.45,2012,2.5,2,4,1
Auction,EndedWithSales,120,376.99,2014,1.4,2,4,1
StoreInventory,EndedWithSales,0.8,599.99,2018,3.6,4,8,2
Auction,EndedWithSales,23.3,198.4,2014,2.5,2,4,1
Auction,EndedWithSales,168,614.55,2018,3.6,4,8,2
Auction,EndedWithSales,120,380,2014,1.4,2,4,1
FixedPrice,EndedWithSales,189.6,699,2018,3.6,4,32,2
Auction,EndedWithSales,168,420.13,2018,3.6,4,8,2
Auction,EndedWithSales,168,210.95,2012,2.5,2,4,1
FixedPrice,EndedWithSales,144.7,228.92,2014,2.5,2,4,1
StoreInventory,EndedWithSales,68,1357,2018,3.2,4,16,2
Auction,EndedWithSales,168,261.9,2014,2.6,2,8,1
FixedPrice,EndedWithSales,1.4,260.2,2014,2.6,2,8,1
StoreInventory,EndedWithSales,3934.2,699,2014,3,2,8,2
FixedPrice,EndedWithSales,109.6,375,2014,2.6,2,8,1
Auction,EndedWithSales,168,419.65,2012,2.3,4,8,1
Auction,EndedWithSales,168,286.7,2014,2.6,2,8,1
Auction,EndedWithSales,240,550.14,2014,3,2,16,3
Auction,EndedWithSales,120,297,2014,2.5,2,4,1
FixedPrice,EndedWithSales,165.6,209.99,2014,1.4,2,4,1
FixedPrice,EndedWithSales,23.5,230.7,2014,1.4,2,4,1
Auction,EndedWithSales,120,251.35,2014,2.5,2,4,1
StoreInventory,EndedWithSales,261.7,1614.05,2018,3.2,4,32,2
Auction,EndedWithSales,120,367.55,2014,1.4,2,4,1
Auction,EndedWithSales,120,373,2014,1.4,2,4,1
Auction,EndedWithSales,120,374,2014,1.4,2,4,1
Auction,EndedWithSales,120,360,2014,1.4,2,4,1
FixedPrice,EndedWithSales,191.2,299.99,2014,2.6,2,8,2
FixedPrice,EndedWithSales,0,700,2018,3,4,8,2
Auction,EndedWithSales,120,366.51,2014,1.4,2,4,1
StoreInventory,EndedWithSales,0.6,600,2018,3.6,4,8,2
StoreInventory,EndedWithSales,730.9,361,2014,2.6,2,8,1
StoreInventory,EndedWithSales,2740,1082.05,2018,3,4,16,2
StoreInventory,EndedWithoutSales,548.4,730.05,2014,3,2,16,1
StoreInventory,EndedWithSales,530.5,220,2014,1.4,2,4,1
Auction,EndedWithSales,120,395,2014,1.4,2,4,1
FixedPrice,EndedWithSales,30.7,230.7,2014,1.4,2,4,1
Auction,EndedWithSales,120,177.55,2012,2.5,2,4,1
Auction,EndedWithSales,120,188.12,2012,2.5,2,4,1
Auction,EndedWithSales,168,193.55,2014,1.4,2,4,1
Auction,EndedWithSales,120,395,2014,1.4,2,4,1
StoreInventory,EndedWithSales,8414.5,557.07,2014,2.6,2,8,2
Auction,EndedWithSales,120,390,2014,1.4,2,4,1
Auction,EndedWithSales,168,157.7,2012,2.5,2,8,1
Auction,EndedWithSales,168,167.7,2012,2.5,2,8,1
FixedPrice,EndedWithSales,47.5,689.4,2018,3.6,4,8,2
Auction,EndedWithSales,168,187.7,2012,2.5,2,8,1
StoreInventory,EndedWithSales,34.6,299,2014,2.6,2,8,1
FixedPrice,EndedWithSales,585.3,249,2012,2.5,2,4,1
Auction,EndedWithSales,168,920,2018,3,4,32,2
StoreInventory,EndedWithSales,43.5,222.95,2014,1.4,2,4,1
StoreInventory,EndedWithSales,2794.9,395.25,2012,2.5,2,16,1
Auction,EndedWithSales,168,871.75,2018,3,4,8,2
Auction,EndedWithSales,168,226.8,2012,2.3,4,4,1
Auction,EndedWithSales,168,2285,2018,3.6,4,64,2
FixedPrice,EndedWithSales,18.5,675,2014,2.6,2,8,1
StoreInventory,EndedWithSales,64.5,1185,2018,3,4,32,2
StoreInventory,EndedWithSales,92.9,1410.75,2018,3.2,4,64,2
FixedPrice,EndedWithSales,26.9,259.99,2014,2.6,2,8,1
Auction,EndedWithSales,0.8,274.7,2014,2.6,2,8,1
StoreInventory,EndedWithSales,76.5,1282.5,2018,3.2,4,64,2
StoreInventory,EndedWithSales,79.1,854.05,2018,3.6,4,32,2
Auction,EndedWithSales,0.1,184.2,2014,2.6,2,8,1
Auction,EndedWithSales,168,222.75,2012,2.5,2,8,1
Auction,EndedWithSales,120,252.5,2014,1.4,2,4,1
FixedPrice,EndedWithSales,4.5,303.95,2014,1.4,2,4,1
StoreInventory,EndedWithSales,1032.1,2038,2018,3.2,4,64,2
FixedPrice,EndedWithSales,575.3,417.69,2014,2.6,2,8,1
FixedPrice,EndedWithSales,0.1,511.55,2014,3,2,16,1
StoreInventory,EndedWithSales,1490.9,249.95,2012,2.5,2,4,1
FixedPrice,EndedWithSales,0,800,2018,3,4,8,2
StoreInventory,EndedWithSales,6.9,222.95,2014,1.4,2,4,1
FixedPrice,EndedWithSales,135,449.95,2012,2.3,4,16,1
FixedPrice,EndedWithSales,4,199,2014,2.5,2,4,1
StoreInventory,EndedWithSales,0,1196.94,2014,1.4,2,4,1
StoreInventory,EndedWithSales,0.6,2792.86,2014,1.4,2,4,1
StoreInventory,EndedWithSales,0.3,1196.94,2014,1.4,2,4,1
FixedPrice,EndedWithSales,14.4,690.95,2018,3.6,4,8,2
FixedPrice,EndedWithSales,3884.5,229.99,2012,2.5,2,4,1
Auction,EndedWithSales,120,390,2014,1.4,2,4,1
StoreInventory,EndedWithSales,1206,385.44,2014,1.4,2,4,1
FixedPrice,EndedWithSales,31.5,1224.98,2018,3.2,4,16,2
Auction,EndedWithSales,120,380,2014,1.4,2,4,1
Auction,EndedWithSales,4.8,123.7,2014,2.5,2,4,1
Auction,EndedWithSales,168,209.2,2012,2.6,4,12,1
Auction,EndedWithSales,168,278.85,2014,2.6,2,8,2
FixedPrice,EndedWithSales,70.3,349.99,2014,2.6,2,8,2
StoreInventory,EndedWithSales,28.4,759.05,2018,3.6,4,16,2
StoreInventory,EndedWithSales,670.8,382,2014,2.6,2,8,1
Auction,EndedWithSales,120,395,2014,1.4,2,4,1
Auction,EndedWithSales,120,365,2014,1.4,2,4,1
Auction,EndedWithSales,168,233.5,2012,2.5,2,16,2
StoreInventory,EndedWithSales,259.4,1599,2018,3.2,4,16,2
FixedPrice,EndedWithSales,11.4,495.05,2014,3,2,16,2
FixedPrice,EndedWithSales,208.5,220.89,2014,1.6,2,4,1
StoreInventory,EndedWithSales,33,220,2012,2.5,2,4,1
FixedPrice,EndedWithSales,40.3,277.25,2012,2.3,4,4,1
FixedPrice,EndedWithSales,108.5,550,2012,2.6,4,16,1
Auction,EndedWithSales,120,379,2014,1.4,2,4,1
StoreInventory,EndedWithSales,2222.4,337.05,2012,2.5,2,8,4
FixedPrice,EndedWithSales,0.6,74.65,2014,2.5,2,4,1
FixedPrice,EndedWithSales,46,1675,2018,3.2,4,32,2
StoreInventory,EndedWithSales,148.8,1615,2018,3.2,4,32,2
Auction,EndedWithSales,120,320.33,2014,2.6,2,8,2
Auction,EndedWithSales,168,212.5,2014,2.5,2,4,1
StoreInventory,EndedWithSales,336.3,679.88,2012,2.6,4,16,2
StoreInventory,EndedWithSales,1.3,250,2014,2.6,2,16,1
StoreInventory,EndedWithSales,44.1,1185,2018,3,4,32,2
StoreInventory,EndedWithSales,2.7,275,2014,2.6,2,8,1
FixedPrice,EndedWithSales,26.4,199,2014,2.5,2,4,1
StoreInventory,EndedWithSales,127,365,2014,2.8,2,8,3
StoreInventory,EndedWithSales,1799.3,337.25,2014,2.6,2,8,1
Auction,EndedWithSales,168,256.75,2014,2.6,2,8,1
Auction,EndedWithSales,29.2,129.95,2014,1.4,2,4,1
Auction,EndedWithSales,120,385,2014,1.4,2,4,1
FixedPrice,EndedWithSales,1.6,212,2012,2.5,2,16,2
StoreInventory,EndedWithSales,667.7,799,2018,3.6,4,16,2
FixedPrice,EndedWithSales,2199.5,240,2012,2.5,2,8,1
Auction,EndedWithSales,120,339,2014,1.4,2,4,1
Auction,EndedWithSales,168,230.8,2014,1.4,2,4,1
FixedPrice,EndedWithSales,26.1,1400,2018,3.2,4,16,2
Auction,EndedWithSales,12.8,322,2012,2.3,4,8,1
StoreInventory,EndedWithSales,62,220,2012,2.5,2,4,1
Auction,EndedWithSales,120,339,2014,1.4,2,4,1
FixedPrice,EndedWithSales,88.9,240.89,2014,1.6,2,4,1
StoreInventory,EndedWithSales,334.1,325,2012,2.5,2,16,1
Auction,EndedWithSales,168,208.42,2012,2.5,2,8,2
FixedPrice,EndedWithSales,1.2,219,2014,2.6,2,8,1
Auction,EndedWithSales,120,344,2014,1.4,2,4,1
FixedPrice,EndedWithSales,78.2,613.4,2018,3.6,4,8,2
Auction,EndedWithSales,120,344,2014,1.4,2,4,1
StoreInventory,EndedWithSales,332.7,685,2018,3.6,4,8,2
Auction,EndedWithSales,120,339,2014,1.4,2,4,1
StoreInventory,EndedWithSales,116.1,1238,2018,3.2,4,16,2
StoreInventory,EndedWithSales,1027.7,899,2018,3.6,4,32,2
Auction,EndedWithSales,15.3,139.7,2012,2.5,2,8,2
FixedPrice,EndedWithSales,142.5,649,2018,3.6,4,8,2
Auction,EndedWithSales,120,353.98,2014,1.4,2,4,1
Auction,EndedWithSales,0.3,183.2,2012,2.5,2,16,1
Auction,EndedWithSales,120,355,2014,1.4,2,4,1
Auction,EndedWithSales,120,350,2014,1.4,2,4,1
Auction,EndedWithSales,120,290.99,2014,2.6,2,8,2
FixedPrice,EndedWithSales,4.3,350,2012,2.3,4,16,1
StoreInventory,EndedWithSales,293.3,1102.05,2018,3,4,32,2
Auction,EndedWithSales,168,373.15,2012,2.6,4,8,2
Auction,EndedWithSales,120,360,2014,1.4,2,4,1
Auction,EndedWithSales,120,360,2014,1.4,2,4,1
Auction,EndedWithSales,168,265,2014,2.5,2,4,1
FixedPrice,EndedWithSales,61.7,350,2014,2.6,2,8,1
Auction,EndedWithSales,72,1415,2018,3.2,4,32,2
StoreInventory,EndedWithSales,145.7,217.55,2012,2.5,2,4,1
FixedPrice,EndedWithSales,374.8,313.95,2014,1.4,2,4,1
Auction,EndedWithSales,72,490,2018,3.6,4,8,2
Auction,EndedWithSales,168,256.45,2014,2.5,2,4,1
Auction,EndedWithSales,120,365,2014,1.4,2,4,1
Auction,EndedWithSales,0.5,1100.55,2018,3.6,4,16,2
Auction,EndedWithSales,120,357.57,2014,1.4,2,4,1
Auction,EndedWithSales,120,355,2014,1.4,2,4,1
Auction,EndedWithSales,120,355,2014,1.4,2,4,1
FixedPrice,EndedWithSales,1.5,360.44,2012,2.6,4,16,3
Auction,EndedWithSales,120,248.07,2014,2.6,2,8,2
Auction,EndedWithSales,168,218.7,2012,2.5,2,16,1
FixedPrice,EndedWithSales,0.4,279.99,2014,2.6,2,8,1
StoreInventory,EndedWithSales,8248.9,418.5,2012,2.5,2,16,1
Auction,EndedWithSales,120,212.5,2014,1.4,2,4,2
FixedPrice,EndedWithSales,133.4,299.99,2014,2.6,2,8,2
StoreInventory,EndedWithSales,16.5,1099,2018,3,4,16,2
StoreInventory,EndedWithSales,15.9,300,2012,2.3,4,8,1
StoreInventory,EndedWithSales,360.8,425,2012,2.3,4,16,1
FixedPrice,EndedWithSales,221.4,360,2012,2.3,4,4,1
Auction,EndedWithSales,120,359,2014,1.4,2,4,1
Auction,EndedWithSales,120,205.55,2014,1.4,2,4,1
Auction,EndedWithSales,168,168.51,2014,1.4,2,16,1
Auction,EndedWithSales,120,189.27,2012,2.5,2,4,1
Auction,EndedWithSales,120,246.7,2014,1.4,2,4,1
Auction,EndedWithSales,120,224.27,2014,1.4,2,4,1
StoreInventory,EndedWithSales,362.7,229.33,2014,1.4,2,4,1
FixedPrice,EndedWithSales,355.6,250,2014,2.5,2,4,1
StoreInventory,EndedWithSales,315.6,1022.07,2018,3,4,16,2
Auction,EndedWithSales,240,234,2014,2.6,2,8,1
StoreInventory,EndedWithoutSales,1002.3,1096.45,2014,3,2,16,2
StoreInventory,EndedWithSales,258.3,675,2018,3.6,4,8,2
StoreInventory,EndedWithSales,7877.7,883.5,2014,3,2,16,4
Auction,EndedWithSales,0.3,340,2012,2.6,4,16,3
Auction,EndedWithSales,0.7,650,2018,3,4,8,2
StoreInventory,EndedWithSales,2548.2,564.99,2012,2.3,4,16,1
FixedPrice,EndedWithSales,66.6,304.2,2014,2.6,2,8,1
Auction,EndedWithSales,120,257.56,2014,2.6,2,8,2
Auction,EndedWithSales,120,280.05,2014,2.6,2,8,2
Auction,EndedWithSales,72,263,2014,3,2,8,2
FixedPrice,EndedWithSales,47.5,213.22,2014,1.4,2,4,1
StoreInventory,EndedWithSales,69.8,349.99,2012,2.3,4,4,1
Auction,EndedWithSales,168,184.5,2014,2.5,2,4,1
Auction,EndedWithSales,72,750,2018,3,4,8,2
Auction,EndedWithSales,72,805,2018,3,4,32,2
StoreInventory,EndedWithSales,605.7,379,2014,2.6,2,8,1
Auction,EndedWithSales,120,359.32,2014,1.4,2,4,1
Auction,EndedWithSales,168,316,2014,1.4,2,8,1
FixedPrice,EndedWithSales,131.4,910.53,2018,3,4,8,2
FixedPrice,EndedWithSales,800.1,445.39,2012,2.3,4,16,4
Auction,EndedWithSales,168,287.55,2012,2.5,2,16,1
StoreInventory,EndedWithSales,172.7,199.99,2012,2.5,2,4,1
StoreInventory,EndedWithSales,1174.9,457,2012,2.3,4,8,4
StoreInventory,EndedWithSales,150.6,380.9,2012,2.6,4,16,4
Auction,EndedWithSales,168,424.4,2014,3,2,16,1
Auction,EndedWithSales,24,212.5,2012,2.5,2,8,1
Auction,EndedWithSales,168,184.94,2014,2.6,2,8,1
Auction,EndedWithSales,168,256.5,2014,1.4,2,4,1
Auction,EndedWithSales,120,364,2014,1.4,2,4,1
Auction,EndedWithSales,120,356,2014,1.4,2,4,1
StoreInventory,EndedWithSales,27.4,387,2014,2.6,2,8,1
Auction,EndedWithSales,120,357.57,2014,1.4,2,4,1
Auction,EndedWithSales,120,361,2014,1.4,2,4,1
Auction,EndedWithSales,120,304,2014,1.4,2,4,1
FixedPrice,EndedWithSales,31.7,899,2018,3,4,8,2
StoreInventory,EndedWithSales,72.7,1410.75,2018,3.2,4,32,2
FixedPrice,EndedWithSales,2.2,289,2014,2.6,2,8,1
FixedPrice,EndedWithSales,1392.6,235.19,2014,1.4,2,4,1
Auction,EndedWithSales,12.1,338.98,2014,1.4,2,4,1
FixedPrice,EndedWithSales,19.1,260.89,2014,1.6,2,16,1
StoreInventory,EndedWithSales,933.5,218,2014,1.4,2,4,1
FixedPrice,EndedWithSales,70.9,375,2014,2.6,2,8,3
FixedPrice,EndedWithSales,24.4,162.25,2014,2.5,2,4,1
FixedPrice,EndedWithSales,971,228.92,2014,2.5,2,4,1
FixedPrice,EndedWithSales,6.6,664.82,2012,2.3,4,4,1
StoreInventory,EndedWithSales,3.7,283.16,2014,2.6,2,8,1
FixedPrice,EndedWithSales,79,411.55,2014,1.4,2,8,1
FixedPrice,EndedWithSales,3.7,523.09,2018,3.6,4,8,2
Auction,EndedWithSales,168,1034.2,2018,3.2,4,32,2
StoreInventory,EndedWithSales,0.1,821,2014,3,2,16,2
StoreInventory,EndedWithSales,4351.6,599,2012,2.3,4,16,4
FixedPrice,EndedWithSales,29,349.99,2014,2.6,2,8,1
StoreInventory,EndedWithSales,2596.2,339.99,2014,1.4,2,4,1
Auction,EndedWithSales,168,199,2014,1.4,2,4,1
StoreInventory,EndedWithSales,1177.9,497.25,2012,2.3,4,16,2
Auction,EndedWithSales,167.9,269.4,2012,2.3,4,4,1
Auction,EndedWithSales,167.9,294.4,2012,2.3,4,4,1
Auction,EndedWithSales,167.9,269.4,2012,2.3,4,4,1
Auction,EndedWithSales,167.9,269.4,2012,2.3,4,4,1
Auction,EndedWithSales,72,400,2014,2.6,2,8,1
Auction,EndedWithSales,168,139.75,2014,1.4,2,4,1
FixedPrice,EndedWithSales,27.4,649,2014,3,2,16,2
Auction,EndedWithSales,168,359.9,2014,2.6,2,8,1
Auction,EndedWithSales,240,659.53,2012,2.6,4,16,3
Auction,EndedWithSales,168,608.15,2018,3.6,4,8,2
Auction,EndedWithSales,168,562.25,2014,3,2,16,2
Auction,EndedWithSales,120,373.26,2012,2.3,4,16,3
Auction,EndedWithSales,168,359.66,2014,2.6,2,8,1
StoreInventory,EndedWithSales,51.4,250,2014,1.4,2,4,1
Auction,EndedWithSales,120,202.7,2014,1.4,2,4,1
Auction,EndedWithSales,120,340,2012,2.3,4,16,2
StoreInventory,EndedWithSales,439.4,2184.05,2018,3.2,4,64,2
StoreInventory,EndedWithSales,19.9,220,2012,2.5,2,4,1
Auction,EndedWithSales,72,119.5,2014,2.5,2,4,1
FixedPrice,EndedWithSales,0.1,1250,2018,3.2,4,16,2
Auction,EndedWithSales,168,285.4,2014,2.6,2,8,1
FixedPrice,EndedWithSales,11.1,350,2012,2.3,4,16,1
Auction,EndedWithSales,120,113.5,2014,1.4,2,4,1
StoreInventory,EndedWithSales,105.6,711,2014,3,2,16,2
FixedPrice,EndedWithSales,1425.9,699,2012,2.6,4,16,2
Auction,EndedWithSales,120,267.25,2012,2.5,2,16,2
StoreInventory,EndedWithSales,56.4,220,2012,2.5,2,4,1
Auction,EndedWithSales,168,328,2012,2.3,4,16,4
FixedPrice,EndedWithSales,15,106.7,2014,2.5,2,4,1
StoreInventory,EndedWithSales,24.6,250,2014,1.4,2,4,1
FixedPrice,EndedWithSales,4,290,2014,2.6,2,8,1
Auction,EndedWithSales,120,366,2014,1.4,2,4,1
Auction,EndedWithSales,168,180,2014,2.5,2,4,1
StoreInventory,EndedWithSales,863.1,633,2018,3.6,4,8,2
Auction,EndedWithSales,120,365.55,2014,1.4,2,4,1
FixedPrice,EndedWithSales,16.3,1716.81,2018,3.2,4,32,2
Auction,EndedWithSales,120,356.22,2014,1.4,2,4,1
Auction,EndedWithSales,120,360.1,2014,1.4,2,4,1
FixedPrice,EndedWithSales,242.2,219,2012,2.5,2,8,2
Auction,EndedWithSales,120,360,2014,1.4,2,4,1
FixedPrice,EndedWithSales,309.3,499.99,2012,2.3,4,16,2
FixedPrice,EndedWithSales,1.5,256.4,2014,2.6,2,16,1
FixedPrice,EndedWithSales,24.7,425,2012,2.3,4,16,1
Auction,EndedWithSales,168,180.5,2014,2.5,2,4,1
Auction,EndedWithSales,168,157.5,2014,2.5,2,4,1
Auction,EndedWithSales,120,358.17,2014,1.4,2,4,1
FixedPrice,EndedWithSales,0.3,94.65,2014,2.5,2,4,1
Auction,EndedWithSales,120,357.11,2014,1.4,2,4,1
Auction,EndedWithSales,120,374,2014,1.4,2,4,1
Auction,EndedWithSales,120,418,2014,1.4,2,4,1
Auction,EndedWithSales,120,420,2014,1.4,2,4,1
FixedPrice,EndedWithSales,6.4,214.75,2014,2.5,2,8,1
Auction,EndedWithSales,120,362.66,2014,2.6,2,8,2
FixedPrice,EndedWithSales,201.3,499.99,2012,2.6,4,16,4
FixedPrice,EndedWithSales,51.3,449.95,2012,2.3,4,16,1
StoreInventory,EndedWithSales,0.6,250,2014,1.4,2,4,1
Auction,EndedWithSales,3,161.56,2012,2.3,4,8,1
StoreInventory,EndedWithSales,18,349.99,2012,2.3,4,4,1
FixedPrice,EndedWithSales,1051.2,145,2014,2.6,2,8,1
Auction,EndedWithSales,168,338.28,2012,2.3,4,16,1
StoreInventory,EndedWithSales,117.4,263.65,2014,1.4,2,8,1
FixedPrice,EndedWithSales,168.3,470,2012,2.3,4,16,1
StoreInventory,EndedWithoutSales,148.5,999,2014,3,2,16,2
Auction,EndedWithSales,240,214.35,2014,1.4,2,4,1
StoreInventory,EndedWithSales,210.3,329,2012,2.5,2,16,2
Auction,EndedWithSales,72,125,2014,2.5,2,4,1
FixedPrice,EndedWithSales,256.3,299.99,2012,2.6,4,8,1
Auction,EndedWithSales,168,450,2012,2.6,4,16,2
Auction,EndedWithSales,240,860.2,2018,3,4,16,2
StoreInventory,EndedWithSales,44.3,315,2014,2.6,2,8,1
StoreInventory,EndedWithSales,11.5,220,2012,2.5,2,4,1
FixedPrice,EndedWithSales,1.3,340,2012,2.6,4,16,1
FixedPrice,EndedWithSales,10.8,2404.59,2018,3.2,4,64,2
FixedPrice,EndedWithSales,4.4,1349,2018,3.2,4,16,2
FixedPrice,EndedWithSales,0,749.99,2018,3,4,8,2
FixedPrice,EndedWithSales,516.3,1699,2018,3.2,4,32,2
Auction,EndedWithSales,168,509.2,2012,2.6,4,16,1
Auction,EndedWithSales,168,724.25,2018,3,4,8,2
Auction,EndedWithSales,168,165.65,2014,1.4,2,4,1
Auction,EndedWithSales,168,541,2014,3,2,16,4
FixedPrice,EndedWithSales,599.7,289.99,2014,2.6,2,8,1
Auction,EndedWithSales,168,247.45,2014,1.4,2,4,1
StoreInventory,EndedWithSales,95.1,770,2018,3.6,4,16,2
StoreInventory,EndedWithSales,289.9,213.14,2014,1.4,2,4,1
StoreInventory,EndedWithSales,70.1,1098.95,2018,3,4,32,2
Auction,EndedWithSales,155.9,188.2,2012,2.5,2,4,1
FixedPrice,EndedWithSales,219,250,2014,2.5,2,4,1
FixedPrice,EndedWithSales,91,220,2014,2.5,2,4,1
StoreInventory,EndedWithSales,22.3,349.99,2012,2.3,4,4,1
FixedPrice,EndedWithSales,396.8,217.25,2014,2.5,2,4,1
FixedPrice,EndedWithSales,5.1,600,2018,3.6,4,8,2
Auction,EndedWithSales,168,188.95,2014,1.4,2,4,1
Auction,EndedWithSales,168,219.65,2014,1.4,2,4,1
FixedPrice,EndedWithSales,12.8,269.99,2014,2.6,2,8,1
StoreInventory,EndedWithSales,144.6,220,2012,2.5,2,4,1
StoreInventory,EndedWithSales,335.6,209.98,2014,2.5,2,4,1
Auction,EndedWithSales,168,452.94,2012,2.6,4,4,3
StoreInventory,EndedWithSales,444.9,310.8,2014,2.6,2,8,1
FixedPrice,EndedWithSales,81.1,294.5,2014,2.6,2,8,1
StoreInventory,EndedWithSales,796.7,702.05,2012,2.6,4,16,2
Auction,EndedWithSales,120,360,2014,1.4,2,4,1
Auction,EndedWithSales,120,356,2014,1.4,2,4,1
FixedPrice,EndedWithSales,25.3,1595,2018,3.2,4,32,2
Auction,EndedWithSales,120,329,2014,1.4,2,4,1
FixedPrice,EndedWithSales,290.5,299.99,2014,2.6,2,8,2
Auction,EndedWithSales,120,355,2014,1.4,2,4,1
FixedPrice,EndedWithSales,64.1,219.65,2014,2.5,2,4,1
FixedPrice,EndedWithSales,50,668,2018,3.6,4,16,2
Auction,EndedWithSales,168,151.9,2014,2.5,2,4,1
FixedPrice,EndedWithSales,323.4,350,2014,2.8,2,8,1
Auction,EndedWithSales,120,365,2014,1.4,2,4,1
Auction,EndedWithSales,120,360,2014,1.4,2,4,1
Auction,EndedWithSales,120,365,2014,1.4,2,4,1
Auction,EndedWithSales,120,365,2014,1.4,2,4,1
Auction,EndedWithSales,120,365,2014,1.4,2,4,1
Auction,EndedWithSales,24,416.15,2012,2.6,4,16,2
FixedPrice,EndedWithSales,13.6,280.65,2014,1.4,2,4,1
FixedPrice,EndedWithSales,16.3,1416.8,2018,3.2,4,32,2
StoreInventory,EndedWithSales,269.8,718,2014,3,2,16,2
Auction,EndedWithSales,168,572.8,2018,3.6,4,8,2
FixedPrice,EndedWithSales,31.8,600,2018,3.6,4,8,2
Auction,EndedWithSales,240,245.05,2012,2.5,2,8,1
Auction,EndedWithSales,24,175.05,2014,2.5,2,4,1
StoreInventory,EndedWithSales,438,327,2014,1.4,2,4,2
FixedPrice,EndedWithoutSales,1494.1,704.9,2014,2.8,2,8,1
FixedPrice,EndedWithSales,0.5,329.99,2014,2.6,2,8,1
FixedPrice,EndedWithSales,6.3,266.69,2012,2.5,2,8,2
StoreInventory,EndedWithSales,239.6,248.84,2014,1.4,2,4,1
Auction,EndedWithSales,168,370.55,2014,2.6,2,8,2
Auction,EndedWithSales,72,825,2018,3,4,8,2
Auction,EndedWithSales,168,265.41,2014,2.6,2,8,1
Auction,EndedWithSales,120,415.2,2012,2.6,4,4,1
Auction,EndedWithSales,168,203.8,2014,1.4,2,4,1
Auction,EndedWithSales,120,355,2014,1.4,2,4,1
Auction,EndedWithSales,120,387,2014,1.4,2,4,1
Auction,EndedWithSales,120,359,2014,1.4,2,4,1
Auction,EndedWithSales,120,183.14,2014,2.5,2,4,1
FixedPrice,EndedWithSales,0.4,282.85,2014,2.6,2,8,1
Auction,EndedWithSales,168,1384.4,2018,3.2,4,32,2
FixedPrice,EndedWithSales,0.6,375,2012,2.3,4,16,1
Auction,EndedWithSales,168,285,2014,2.6,2,8,1
Auction,EndedWithSales,72,428.15,2012,2.6,4,16,2
Auction,EndedWithSales,120,375,2014,1.4,2,4,1
Auction,EndedWithSales,50.3,361.75,2012,2.6,4,16,2
FixedPrice,EndedWithSales,707.2,374.9,2014,1.4,2,4,1
Auction,EndedWithSales,168,429.2,2012,2.3,4,16,1
Auction,EndedWithSales,120,365,2014,1.4,2,4,1
Auction,EndedWithSales,168,621.55,2018,3.6,4,8,2
Auction,EndedWithSales,120,381,2014,1.4,2,4,1
Auction,EndedWithSales,120,384,2014,1.4,2,4,1
Auction,EndedWithSales,120,389,2014,1.4,2,4,1
Auction,EndedWithSales,120,361.17,2014,1.4,2,4,1
Auction,EndedWithSales,168,209.95,2014,2.5,2,4,1
Auction,EndedWithSales,168,259.16,2014,1.4,2,4,1
Auction,EndedWithSales,120,366.26,2014,1.4,2,4,1
Auction,EndedWithSales,1.3,159.95,2014,2.6,2,8,1
StoreInventory,EndedWithSales,953.6,551.08,2012,2.3,4,16,4
Auction,EndedWithSales,120,361.17,2014,1.4,2,4,1
Auction,EndedWithSales,120,355.11,2014,1.4,2,4,1
Auction,EndedWithSales,120,355.08,2014,1.4,2,4,1
Auction,EndedWithSales,72,1475,2018,3.2,4,32,2
Auction,EndedWithSales,5.9,353,2014,2.6,2,16,1
FixedPrice,EndedWithSales,13,195.7,2014,2.5,2,4,1
StoreInventory,EndedWithSales,22.2,533,2012,2.3,4,16,1
StoreInventory,EndedWithSales,41.2,249.99,2014,1.4,2,16,1
Auction,EndedWithSales,21.3,139.65,2014,2.5,2,4,1
Auction,EndedWithSales,168,609.17,2018,3.6,4,8,2
StoreInventory,EndedWithSales,85.7,291.95,2014,3,2,16,2
StoreInventory,EndedWithSales,2324.3,722.2,2014,3,2,16,1
Auction,EndedWithSales,168,594.4,2014,3,2,16,1
Auction,EndedWithSales,120,640,2018,3.6,4,8,2
Auction,EndedWithSales,168,320.4,2012,2.3,4,4,1
Auction,EndedWithSales,168,373.05,2012,2.3,4,16,1
Auction,EndedWithSales,120,192.55,2012,2.5,2,4,1
Auction,EndedWithSales,120,177.55,2012,2.5,2,4,1
StoreInventory,EndedWithSales,1078.9,221,2014,1.4,2,4,1
Auction,EndedWithSales,120,385,2014,1.4,2,4,1
Auction,EndedWithSales,120,416,2014,1.4,2,4,1
Auction,EndedWithSales,120,376,2014,1.4,2,4,1
Auction,EndedWithSales,120,356,2014,1.4,2,4,1
Auction,EndedWithSales,120,409,2014,1.4,2,4,1
Auction,EndedWithSales,120,409,2014,1.4,2,4,1
FixedPrice,EndedWithSales,1.1,165.7,2012,2.5,2,8,1
FixedPrice,EndedWithoutSales,2852.4,358.52,2014,1.4,2,4,1
FixedPrice,EndedWithSales,12.9,385,2014,2.6,2,8,2
Auction,EndedWithSales,168,173,2014,1.4,2,4,1
Auction,EndedWithSales,168,181.15,2014,2.5,2,4,1
Auction,EndedWithSales,1.1,201.85,2014,2.6,2,8,1
StoreInventory,EndedWithSales,3786.4,699,2014,2.6,2,8,2
FixedPrice,EndedWithSales,111.2,634.91,2018,3.6,4,8,2
StoreInventory,EndedWithSales,1138.9,212,2014,1.4,2,4,1
FixedPrice,EndedWithSales,97.3,911.25,2018,3,4,8,2
Auction,EndedWithSales,31.5,500,2014,3,2,8,4
StoreInventory,EndedWithSales,393,224.99,2014,2.5,2,4,1
StoreInventory,EndedWithSales,4.7,220,2012,2.5,2,4,1
Auction,EndedWithSales,22.1,1319,2018,3.2,4,32,2
FixedPrice,EndedWithSales,1.7,250,2014,1.4,2,4,1
StoreInventory,EndedWithSales,273.4,220,2012,2.5,2,4,1
StoreInventory,EndedWithSales,1558.4,444.98,2012,2.3,4,16,2
FixedPrice,EndedWithSales,1.1,250,2014,1.4,2,4,1
FixedPrice,EndedWithSales,0.5,250,2014,1.4,2,4,1
Auction,EndedWithSales,168,1266.79,2018,3.2,4,32,2
StoreInventory,EndedWithSales,50.2,541,2014,2.8,2,8,4
Auction,EndedWithSales,2.4,178.95,2014,2.6,2,8,1
StoreInventory,EndedWithSales,97,1099,2018,3,4,16,2
Auction,EndedWithSales,168,206.9,2014,2.5,2,4,1
Auction,EndedWithSales,120,404,2014,1.4,2,4,1
Auction,EndedWithSales,120,373.9,2014,2.8,2,16,2
Auction,EndedWithSales,168,187.86,2014,1.4,2,4,1
FixedPrice,EndedWithSales,7.6,200,2014,2.5,2,4,1
Auction,EndedWithSales,120,381,2014,1.4,2,4,1
Auction,EndedWithSales,120,356,2014,1.4,2,4,1
Auction,EndedWithSales,120,375,2014,1.4,2,4,1
FixedPrice,EndedWithSales,0.7,300,2012,2.3,4,4,1
FixedPrice,EndedWithSales,37.6,630.91,2018,3.6,4,8,2
Auction,EndedWithSales,168,213.2,2014,2.6,2,8,1
FixedPrice,EndedWithSales,37.6,990,2018,3,4,32,2
FixedPrice,EndedWithSales,19.6,1123.15,2018,3.2,4,16,2
FixedPrice,EndedWithSales,9,279.85,2012,2.5,2,4,1
FixedPrice,EndedWithSales,45,280.65,2014,1.4,2,4,1
Auction,EndedWithSales,168,266.05,2014,2.6,2,8,1
Auction,EndedWithSales,120,410,2014,1.4,2,4,1
FixedPrice,EndedWithSales,3319.4,400,2014,2.6,2,8,1
Auction,EndedWithSales,120,400,2014,1.4,2,4,1
Auction,EndedWithSales,101.9,209.2,2012,2.5,2,8,2
StoreInventory,EndedWithSales,82.6,198.14,2014,1.4,2,4,1
StoreInventory,EndedWithSales,924.7,1185,2018,3,4,32,2
Auction,EndedWithSales,240,331.07,2014,2.6,2,16,1
Auction,EndedWithSales,168,222.5,2014,2.5,2,4,1
StoreInventory,EndedWithSales,295.1,1100,2018,3,4,16,2
FixedPrice,EndedWithSales,35,285,2014,2.6,2,8,1
Auction,EndedWithSales,168,215.63,2014,2.6,2,8,1
Auction,EndedWithSales,168,180.5,2014,2.5,2,4,1
FixedPrice,EndedWithSales,52.8,489.99,2012,2.3,4,16,2
FixedPrice,EndedWithSales,11.8,250,2014,1.4,2,4,1
Auction,EndedWithSales,168,242.55,2014,2.6,2,8,1
Auction,EndedWithSales,120,245.5,2014,2.6,2,8,1
FixedPrice,EndedWithSales,18.4,198.13,2014,1.4,2,4,1
StoreInventory,EndedWithSales,63.8,234,2014,1.4,2,4,1
Auction,EndedWithSales,1.7,525,2014,3,2,4,1
FixedPrice,EndedWithSales,109.9,1113.95,2018,3,4,32,2
Auction,EndedWithSales,72,542.17,2018,3.6,4,8,2
FixedPrice,EndedWithSales,64,250,2014,1.4,2,4,1
Auction,EndedWithSales,120,680,2018,3.6,4,8,2
Auction,EndedWithSales,120,263.64,2012,2.5,2,16,1
Auction,EndedWithSales,240,670,2014,3,2,16,3
Auction,EndedWithSales,168,621.21,2018,3.6,4,8,2
Auction,EndedWithSales,168,299.84,2012,2.5,2,16,3
Auction,EndedWithSales,240,592.01,2014,3,2,16,3
Auction,EndedWithSales,168,280.7,2014,2.6,2,8,1
Auction,EndedWithSales,168,192.15,2014,2.5,2,4,1
FixedPrice,EndedWithSales,194.5,1100,2018,3,4,32,2
Auction,EndedWithSales,240,86.05,2014,2.5,2,4,1
Auction,EndedWithSales,168,157.7,2014,2.5,2,4,1
FixedPrice,EndedWithSales,24.2,1450,2018,3.2,4,32,2
FixedPrice,EndedWithSales,86.3,240.05,2014,1.4,2,4,1
FixedPrice,EndedWithSales,186.6,450,2012,2.3,4,16,1
Auction,EndedWithSales,120,404,2014,1.4,2,4,1
FixedPrice,EndedWithSales,175.8,309.33,2012,2.5,2,8,2
FixedPrice,EndedWithSales,145.3,260.54,2014,1.4,2,4,1
FixedPrice,EndedWithSales,0.3,269.2,2014,2.6,2,8,1
Auction,EndedWithSales,168,241.2,2014,1.4,2,4,1
Auction,EndedWithSales,2.1,361.95,2012,2.3,4,16,1
StoreInventory,EndedWithSales,98.5,1485,2018,3.2,4,32,2
Auction,EndedWithSales,240,222.15,2014,1.4,2,4,1
Auction,EndedWithSales,168,176.45,2014,1.4,2,4,1
StoreInventory,EndedWithSales,1029.1,349.99,2014,1.4,2,4,1
Auction,EndedWithSales,168,315,2014,2.6,2,8,1
Auction,EndedWithSales,168,406.75,2012,2.6,4,16,2
StoreInventory,EndedWithSales,4,369,2014,2.6,2,8,1
Auction,EndedWithSales,149.1,337,2014,2.6,2,8,1
FixedPrice,EndedWithSales,0.3,764.4,2018,3,4,8,2
FixedPrice,EndedWithSales,0.1,623.09,2018,3.6,4,8,2
Auction,EndedWithSales,120,193.35,2012,2.5,2,8,1
Auction,EndedWithSales,168,174.4,2014,2.5,2,4,1
Auction,EndedWithSales,120,170,2012,2.5,2,4,1
FixedPrice,EndedWithSales,1.9,350,2014,2.5,2,4,1
Auction,EndedWithSales,168,222.5,2014,2.5,2,4,1
FixedPrice,EndedWithSales,13.7,250,2014,1.4,2,4,1
FixedPrice,EndedWithSales,0.4,237.25,2012,2.3,4,8,1
Auction,EndedWithSales,120,395,2014,1.4,2,4,1
FixedPrice,EndedWithSales,28.6,307.93,2014,2.6,2,8,1
Auction,EndedWithSales,120,385,2014,1.4,2,4,1
Auction,EndedWithSales,168,999,2018,3,4,16,2
Auction,EndedWithSales,0.4,418,2018,3.6,4,8,2
FixedPrice,EndedWithSales,12.5,595,2012,2.5,2,16,2
StoreInventory,EndedWithSales,355.1,647,2012,2.3,4,16,2
Auction,EndedWithSales,120,265,2012,2.5,2,8,3
StoreInventory,EndedWithSales,0.2,2397.5,2014,1.4,2,4,1
StoreInventory,EndedWithSales,19,2397.5,2014,1.4,2,4,1
FixedPrice,EndedWithSales,22.5,209,2014,2.5,2,4,1
StoreInventory,EndedWithSales,354,795,2014,3,2,16,2
FixedPrice,EndedWithSales,275.5,235.64,2012,2.5,2,4,1
Auction,EndedWithSales,168,629.17,2018,3.6,4,8,2
FixedPrice,EndedWithSales,424.1,690.2,2018,3.6,4,8,2
FixedPrice,EndedWithSales,7.6,299.99,2014,2.6,2,8,2
FixedPrice,EndedWithSales,1089.8,215,2014,2.5,2,4,1
Auction,EndedWithSales,168,310.05,2014,2.5,2,4,1
Auction,EndedWithSales,120,414,2014,1.4,2,4,1
FixedPrice,EndedWithSales,68.2,250,2014,1.4,2,4,1
FixedPrice,EndedWithSales,37.8,229,2014,2.5,2,4,1
StoreInventory,EndedWithSales,4.7,1599,2018,3.2,4,32,2
FixedPrice,EndedWithSales,741.7,1210.55,2018,3.2,4,16,2
StoreInventory,EndedWithSales,29.9,380,2012,2.3,4,16,2
FixedPrice,EndedWithoutSales,383.2,714,2014,2.8,2,8,1
StoreInventory,EndedWithSales,618.4,694,2014,3,2,16,2
FixedPrice,EndedWithSales,110.2,599.99,2018,3.6,4,8,2
StoreInventory,EndedWithSales,691.3,807.5,2018,3.6,4,16,2
FixedPrice,EndedWithSales,18.7,210,2014,1.4,2,4,1
FixedPrice,EndedWithSales,710.9,1115.05,2018,3,4,16,2
StoreInventory,EndedWithSales,109.4,1410.75,2018,3.2,4,64,2
StoreInventory,EndedWithSales,14.8,290.04,2014,2.6,2,8,1
Auction,EndedWithSales,120,245.2,2014,1.4,2,4,1
Auction,EndedWithSales,120,417,2014,1.4,2,4,1
Auction,EndedWithSales,0,799,2018,3,4,8,2
FixedPrice,EndedWithSales,190.4,318,2014,2.6,2,8,1
Auction,EndedWithSales,168,278.01,2014,2.6,2,8,1
Auction,EndedWithSales,168,262,2012,2.5,2,4,2
Auction,EndedWithSales,167.9,319,2014,2.6,2,8,2
FixedPrice,EndedWithSales,512.5,211.55,2014,2.5,2,4,1
FixedPrice,EndedWithSales,554.1,415,2014,2.6,2,8,1
Auction,EndedWithSales,168,324,2012,2.3,4,16,1
Auction,EndedWithSales,168,174.75,2012,2.5,2,4,1
Auction,EndedWithSales,120,417,2014,1.4,2,4,1
FixedPrice,EndedWithSales,45.7,450,2012,2.3,4,4,2
FixedPrice,EndedWithSales,174.7,229.99,2012,2.5,2,4,1
StoreInventory,EndedWithSales,478.7,684,2018,3.6,4,8,2
FixedPrice,EndedWithSales,3.2,449,2014,2.6,2,16,1
StoreInventory,EndedWithSales,90.3,1685,2018,3.2,4,64,2
FixedPrice,EndedWithSales,6260.6,413.4,2012,2.3,4,4,1
StoreInventory,EndedWithSales,208.7,899,2018,3.6,4,32,2
Auction,EndedWithSales,72,1272,2018,3.2,4,8,2
FixedPrice,EndedWithSales,38,882,2018,3,4,8,2
Auction,EndedWithSales,3.3,60.55,2014,1.4,2,16,1
FixedPrice,EndedWithSales,173.3,272.15,2012,2.5,2,4,1
FixedPrice,EndedWithSales,853.5,449,2014,2.6,2,16,1
Auction,EndedWithSales,240,280,2012,2.3,4,4,1
FixedPrice,EndedWithSales,754.4,591.18,2012,2.3,4,16,2
Auction,EndedWithSales,120,417,2014,1.4,2,4,1
Auction,EndedWithSales,168,205.5,2014,1.4,2,4,1
StoreInventory,EndedWithSales,130.5,203.99,2014,1.4,2,16,1
Auction,EndedWithSales,240,574.52,2012,2.3,4,16,3
Auction,EndedWithSales,120,407,2014,1.4,2,4,1
FixedPrice,EndedWithSales,0,199.99,2012,2.3,4,10,1
StoreInventory,EndedWithSales,673.1,468,2012,2.3,4,16,1
StoreInventory,EndedWithSales,647.1,404,2012,2.3,4,8,1
FixedPrice,EndedWithSales,53.4,299.99,2014,2.5,2,4,1
FixedPrice,EndedWithSales,223,300,2014,2.6,2,8,1
Auction,EndedWithSales,168,263,2014,2.6,2,8,1
FixedPrice,EndedWithSales,652.1,150,2014,2.6,2,8,1
Auction,EndedWithSales,120,388.5,2014,1.4,2,4,1
FixedPrice,EndedWithSales,15.3,209.99,2014,1.4,2,4,1
Auction,EndedWithSales,168,263,2014,2.6,2,8,1
FixedPrice,EndedWithSales,64.6,200,2014,1.4,2,4,1
FixedPrice,EndedWithSales,14.8,865,2018,3,4,8,2
FixedPrice,EndedWithSales,114.2,379,2014,2.6,2,8,2
Auction,EndedWithSales,120,432,2014,1.4,2,4,1
Auction,EndedWithSales,72,179,2014,1.4,2,4,1
FixedPrice,EndedWithSales,69.3,209.99,2014,1.4,2,4,1
Auction,EndedWithSales,168,192.5,2014,1.4,2,4,1
Auction,EndedWithSales,240,661.01,2014,3,2,16,3
Auction,EndedWithSales,72,977.9,2018,3,4,16,2
FixedPrice,EndedWithSales,1,311.95,2014,2.8,2,8,3
Auction,EndedWithSales,168,634.85,2018,3.6,4,8,2
FixedPrice,EndedWithSales,5.9,515,2014,2.6,2,16,1
FixedPrice,EndedWithSales,4.1,350,2014,2.6,2,8,1
Auction,EndedWithSales,168,595,2014,3,2,16,1
Auction,EndedWithSales,120,403,2014,1.4,2,4,1
StoreInventory,EndedWithSales,122.5,2279.05,2018,3.2,4,64,2
FixedPrice,EndedWithSales,2.4,311.95,2014,2.8,2,8,3
StoreInventory,EndedWithSales,49.7,944,2018,3,4,8,2
StoreInventory,EndedWithSales,7.2,1228,2018,3.2,4,16,2
FixedPrice,EndedWithSales,101.8,218.98,2014,2.5,2,4,1
StoreInventory,EndedWithSales,350.1,220,2012,2.5,2,4,1
StoreInventory,EndedWithSales,5.1,452,2012,2.3,4,16,1
StoreInventory,EndedWithSales,131.9,220,2012,2.5,2,4,1
Auction,EndedWithSales,120,212.5,2012,2.5,2,8,3
FixedPrice,EndedWithSales,2422.7,389.99,2014,2.6,2,8,1
Auction,EndedWithSales,168,274.2,2014,1.4,2,4,1
Auction,EndedWithSales,168,180.5,2012,2.5,2,4,1
FixedPrice,EndedWithSales,315.9,950,2018,3,4,8,2
Auction,EndedWithSales,168,205.51,2014,2.5,2,4,1
FixedPrice,EndedWithSales,497.4,249.99,2014,1.4,2,4,1
Auction,EndedWithSales,168,1375,2018,3.2,4,8,2
FixedPrice,EndedWithSales,297,339.99,2012,2.5,2,16,2
FixedPrice,EndedWithSales,0.2,200,2012,2.5,2,4,1
FixedPrice,EndedWithSales,36.5,200,2012,2.5,2,4,1
FixedPrice,EndedWithSales,413.2,239,2012,2.5,2,8,1
FixedPrice,EndedWithSales,1.7,1221.1,2018,3.2,4,16,2
Auction,EndedWithSales,120,434,2014,1.4,2,4,1
FixedPrice,EndedWithSales,29.2,375,2014,2.6,2,8,2
Auction,EndedWithSales,167.9,272.1,2014,2.8,2,8,1
Auction,EndedWithSales,168,855.65,2018,3,4,8,2
Auction,EndedWithSales,120,438,2014,1.4,2,4,1
Auction,EndedWithSales,168,283.01,2014,2.6,2,8,1
Auction,EndedWithSales,120,285,2014,2.6,2,8,1
StoreInventory,EndedWithSales,1.3,1599,2018,3.2,4,32,2
Auction,EndedWithSales,168,295.7,2014,2.6,2,8,1
StoreInventory,EndedWithSales,93.8,1410.75,2018,3.2,4,64,2
Auction,EndedWithSales,168,131.5,2014,2.6,2,8,1
